playerID,CareerWS
ruthba01,756
cobbty01,722
bondsba01,699
wagneho01,655
aaronha01,643
mayswi01,642
youngcy01,634
speaktr01,630
musiast01,604
collied01,574
mantlmi01,565
johnswa01,560
willite01,555
rosepe01,547
henderi01,536
ottme01,528
robinfr02,519
morgajo02,512
rodrial01,508
hornsro01,502
lajoina01,496
gehrilo01,489
yastrca01,488
nichoki01,478
alexape01,476
schmimi01,467
pujolal01,453
matheed01,450
crawfsa01,446
jacksre01,444
kalinal01,443
biggicr01,439
murraed02,437
foxxji01,435
brettge01,432
ripkeca01,427
mathech01,426
jeterde01,423
wanerpa01,423
yountro01,423
sheffga01,421
winfida01,415
molitpa01,414
keefeti01,413
wardjo01,409
mccovwi01,408
thomafr04,408
jonesch06,406
griffke02,405
galvipu01,403
clarkfr01,400
palmera01,400
mullato01,399
davisge01,398
gwynnto01,398
ramirma02,397
clarkjo01,396
boggswa01,394
dahlebi01,394
radboch01,391
raineti01,391
cabremi01,390
burkeje01,389
dimagjo01,387
thomeji01,387
carewro01,384
bagweje01,383
gehrich01,383
ansonca01,381
wheatza01,380
applilu01,378
beltrad01,378
alomaro01,377
clemero01,377
berrayo01,375
simmoal01,375
willibi01,374
killeha01,371
stargwi01,370
beltrca01,369
fiskca01,368
friscfr01,366
connoro01,363
evansda01,363
planked01,361
staubru01,358
benchjo01,356
heilmha01,356
robinbr01,356
vaughar01,356
broutda01,355
delahed01,355
gosligo01,355
mageesh01,354
welchmi01,354
snidedu01,352
careyma01,351
whitalo01,351
perezto01,349
brocklo01,348
abreubo01,347
evansdw01,347
kentje01,346
sandbry01,346
wallabo01,345
larkiba01,344
vanhage01,344
allendi01,342
mcgwima01,342
dawsoan01,340
guerrvl01,340
rodriiv01,339
sheckji01,339
mcgrifr01,338
mizejo01,338
cartega01,337
carutbo01,337
hamilbi01,337
mccorji01,334
ortizda01,334
cronijo01,333
keelewi01,333
bankser01,332
clarkwi02,331
suzukic01,331
ashburi01,329
giambja01,329
grichbo01,329
leachto01,328
parkeda01,327
ricesa01,327
hartnga01,325
smithoz01,325
smithre06,325
santoro01,324
slaugen01,323
canoro01,322
daviswi02,322
hoopeha01,321
nettlgr01,321
piazzmi01,321
pinsova01,321
becklja01,318
trammal01,318
sosasa01,317
clarkja01,316
hackst01,316
ryanji01,316
cashno01,315
damonjo01,315
simmote01,315
torrejo01,315
dickebi01,314
reesepe01,314
roushed01,314
cruzjo01,313
edmonji01,313
medwijo01,312
randowi01,312
hernake01,311
cepedor01,310
gonzalu01,310
willibe02,310
baineha01,307
martied01,307
walkela01,307
delgaca01,305
kellejo01,305
mcphebi01,305
oliveal01,305
orourji01,305
wynnji01,305
foxne01,304
berkmla01,303
bondsbo01,302
maranra01,302
singlke01,302
bakerfr01,301
bellbu01,301
olerujo01,301
rolensc01,300
finlest01,299
downibr01,298
hermabi01,298
howarfr01,297
brownmo01,296
cedence01,296
vernomi01,296
butlebr01,295
duffyhu01,295
hunteto01,295
gleaski01,294
jacksjo01,294
murphda05,294
aparilu01,293
gracema01,293
rusieam01,293
willivi01,293
cuyleki01,292
foutzda01,292
sislege01,292
flickel01,291
burnsge01,290
jonesfi01,290
loftoke01,290
doylela01,289
elliobo01,287
harrato01,287
johnsbo01,287
koneted01,287
powelja01,287
otisam01,286
rolliji01,286
davisch01,285
manushe01,285
smithel01,285
stiveja01,285
bandosa01,283
buffich01,283
minosmi01,283
tejadmi01,283
jonesan01,282
powelbo01,282
riceji01,282
doerrbo01,281
puckeki01,281
averiea01,280
campabe01,280
ceyro01,280
fernato01,280
lynnfr01,280
boyerke01,279
garvest01,279
crossla01,278
kellyki01,278
terrybi01,278
walkedi02,278
boudrlo01,277
murcebo01,277
seweljo01,277
aloumo01,275
cochrmi01,275
gilesbr02,275
whitnji01,275
colliji01,274
heltoto01,274
traynpi01,274
colavro01,273
francju01,273
griffcl01,273
terryad01,273
utleych01,273
cansejo01,272
grohhe01,272
seymocy01,272
venturo01,272
vizquom01,272
judgejo01,270
konerpa01,270
bancrda01,269
conceda01,269
fairlro01,269
fostege01,269
mauerjo01,269
mcginjo01,269
dobyla01,268
eversjo01,268
phillto02,268
bonilbo01,267
freehbi01,267
greenha01,267
riverma01,267
yosted01,267
milancl01,266
teixema01,266
lemonch01,265
longhe01,265
stephve01,265
stoveha01,265
veachbo01,265
walshed01,265
daubeja01,263
galanau01,263
hodgegi01,263
kingsi01,263
mattido01,263
posadjo01,263
whitero01,263
baylodo01,262
schoere01,262
burksel01,261
fregoji01,261
glassja01,261
gonzaad01,261
thomaro01,260
wrighda03,260
griffke01,259
heckegu01,259
oneilpa01,259
ramirar01,259
bottoji01,258
gardnla01,258
mondari01,258
myerbu01,258
tinkejo01,258
weyhigu01,258
matthga01,257
robinja02,257
mullige01,255
soriaal01,255
hoydu01,254
joynewa01,253
willsma01,253
bartedi01,252
lazzeto01,252
strawda01,252
galaran01,251
hollima01,251
tiernmi01,251
gorege01,250
gaettga01,249
hinespa01,249
ordonma01,249
tennefr02,249
parrila02,248
wallati01,248
cicoted01,247
gilliji01,247
luzingr01,247
grissma02,246
guerrpe01,246
bakerdu01,245
dykesji01,245
griffmi01,245
olivato01,245
schanwa01,245
wanerll01,245
bellja01,244
lansfca01,244
adamsba01,243
belleal01,243
bondto01,243
kuheljo01,243
orthal01,243
caminke01,242
gordojo01,242
greensh01,242
kinerra01,242
madlobi01,242
prattde01,242
aloufe01,241
bergewa01,241
callijo01,241
coopece01,241
ewingbu01,241
mcauldi01,241
willima04,241
cartejo01,240
dunnad01,240
grandcu01,240
lopesda01,240
wadderu01,240
peckiro01,239
schulfr01,239
whitewi01,239
childcu01,238
davisha01,238
fieldpr01,238
kleinch01,238
leeca01,238
cavarph01,237
chancfr01,237
hendrge01,237
leede02,237
moseswa01,237
wilsowi02,237
adcocjo01,236
thompsa01,236
watsobo01,236
durhara01,235
justida01,235
ramirha01,235
whitedo01,235
willicy01,235
youngmi02,235
gonzaju03,234
kendaja01,234
chapmbe01,233
ennisde01,233
hortowi01,233
houghch01,233
reyesjo01,233
salmoti01,233
tanneje01,233
bushdo01,232
hermaba01,232
bendech01,231
bresnro01,231
chaseha01,231
fournja01,231
knoblch01,231
rizzuph01,231
sievero01,231
tenacge01,231
vanslan01,231
anderga01,230
hrbekke01,230
mcraeha01,230
richaha01,230
beaumgi01,229
kellge01,229
woodlge01,228
combsea01,227
lankfra01,227
mcinnst01,227
paskedo01,227
surhobj01,227
bucknbi01,226
darkal01,226
furcara01,226
martivi01,226
brownpe01,225
groatdi01,225
kleskry01,225
mayle01,225
braunry02,224
camildo01,224
daviser01,224
mcgeewi01,224
pettian01,224
renteed01,224
vottojo01,224
wilsoha01,224
hartsto01,223
kuennha01,223
marisro01,223
moyerja01,223
nichobi01,223
camermi01,222
garcino01,222
huggimi01,222
nashbi01,222
peraljh01,222
porteda02,222
chambch01,221
floodcu01,221
hutchbi01,221
kinslia01,221
lathaar01,221
mckeaed01,221
sierrru01,221
zeileto01,221
dimagdo01,220
martiti02,220
molinya01,220
pafkoan01,220
cramedo01,219
hebneri01,219
mazerbi01,219
wertzvi01,219
brownto01,218
fletcar01,218
gibsoki01,218
hallaro01,218
ibanera01,218
kellech01,218
lombaer01,218
furilca01,217
heathje01,217
hudsoti01,217
cliftha01,216
runnepe01,216
scottge02,216
anderbr01,215
dalyto01,215
daussho01,215
murphda02,215
selbaki01,215
boonebr01,214
corcoto01,214
jennihu01,214
yorkru01,214
zimmehe01,214
drewjd01,213
dwyerfr01,213
mccutan01,213
oneilti01,213
polanpl01,213
breitte01,212
cardejo02,212
hargrmi01,212
leevesa01,212
jackstr01,211
stahlch01,211
whitefr01,211
boonebo01,210
cabreor01,210
pierzaj01,210
anderjo01,209
bautijo02,209
cartyri01,209
chesbja01,209
joosted01,209
lollash01,209
sandere02,209
templga01,209
whitebi03,209
buehrma01,208
freylo01,208
henrito01,208
kennebr01,208
marquru01,208
morried01,208
steinha01,208
wellsda01,208
camparo01,207
davisto02,207
mcgrajo01,207
whitede03,207
williji01,207
ferreri01,206
munsoth01,206
pedrodu01,206
phillde01,206
reulbed01,206
speiech01,206
troutmi01,206
youngro01,206
decindo01,205
petrori01,205
ritchcl01,205
thomsbo01,205
vaughhi01,205
gantro01,204
harpeto01,204
hawlepi01,204
mccarti01,204
allisbo01,203
cuccito01,203
howarel01,203
kluszte01,203
maddoga01,203
pippwa01,203
alfoned01,202
cravaga01,202
donovbi01,202
mccorfr01,202
mcreyke01,202
pendlte01,202
pfefffr01,202
willike01,202
castilu01,201
chaveer01,201
crawfca02,201
donovpa01,201
dykstle01,201
kammwi01,201
titusjo01,201
burnsge02,200
dinnebi01,200
longoev01,200
markani01,200
sundbji01,200
vaughmo01,200
werthja01,200
cardele01,199
frymatr01,199
gordosi01,199
keltnke01,199
maybejo01,199
mccanbr01,199
vaughgr01,199
amesre01,198
bluelu01,198
devliar01,198
grimmch01,198
mcmanma01,198
saxst01,198
tayloto02,198
moneydo01,197
sabatcc01,197
burnsoy01,196
burroje01,196
encared01,196
millebi02,196
garneph01,195
higgipi01,195
howarry01,195
kingmda01,195
troskha01,195
bufordo01,194
grudzma01,194
johnsho01,194
mcdougi01,194
oglivbe01,194
reussje01,194
smithal04,194
washicl01,194
colonba01,193
coninje01,193
corcola01,193
cuppyni01,193
doranbi02,193
floydcl01,193
glaustr01,193
grantge01,193
kellyge01,193
lindsfr01,193
lopezja01,193
woodjo02,193
westsa01,192
bradlbi01,191
huntro01,191
jossad01,191
kempma01,191
lowelmi01,191
merklfr01,191
schalra01,191
stanked01,191
brutobi01,190
lyonsde01,190
santibe01,190
smithlo01,190
stephri01,190
whitede01,190
bailebo01,189
crosefr01,189
dyeje01,189
holmeto01,189
joneswi01,189
mcguide01,189
niekrjo01,189
sallesl01,189
lowebo01,188
mondera01,188
stockmi01,188
tartada01,188
zobribe01,188
doughpa01,187
jenseja01,187
peskyjo01,187
valenjo03,187
valoel01,187
wellsve01,187
deshide01,186
hafeych01,186
mcdanli01,186
thornan01,186
callani01,185
chambel01,185
choosh01,185
fletcel01,185
hernafe02,185
huffau01,185
rivermi01,185
rosenal01,185
russebi01,185
bishoma01,184
elberki01,184
meusebo01,184
morneju01,184
tettlmi01,184
torgeea01,184
blairpa01,183
bluegos01,183
farredu01,183
francjo01,183
gonzato01,183
jamiech01,183
mcganda01,183
skowrbi01,183
tayloja02,183
candejo01,182
cullero01,182
darwida01,182
burrepa01,181
crispco01,181
killefr01,181
loganjo01,181
pencehu01,181
reedro01,181
rosebjo01,181
smallro02,181
bauerha01,180
karroer01,180
lewisdu01,180
mertesa01,180
oswalro01,180
roberbr01,180
alouma01,179
bowala01,179
crandde01,179
cruzne02,179
driesda01,179
gordoto01,179
halleto01,179
lewisbu01,179
loretma01,179
martiru01,179
tobinja01,179
burdele01,178
jacobba01,178
mitchke01,178
pfeffje01,178
tovarce01,178
walkege02,178
wiseri01,178
ziskri01,178
gamblos01,177
hayesvo01,177
larkihe01,177
marioma01,177
mosebll01,177
ruckena01,177
slaglji01,177
swishni01,177
baldwma01,176
bradlge01,176
doyleja01,176
menkede01,176
parrila01,176
puhlte01,176
samueju01,176
tucketo01,176
tulowtr01,176
avilabo01,175
bellgu01,175
brunato01,175
ellisma01,175
kauffbe01,175
mcmulke01,175
moonwa01,175
pascuca02,175
penato01,175
smithge01,175
buhneja01,174
donlimi01,174
hendrcl01,174
mcmahsa01,174
sauerha01,174
seitzke01,174
strunam01,174
aurilri01,173
ausmubr01,173
coopewa01,173
greinza01,173
lopezal01,173
mcquige02,173
murphdw01,173
phillbr01,173
pierrju01,173
rudijo01,173
steinte01,173
willine01,173
burgesm01,172
howelha01,172
mcmilro01,172
zimmery01,172
bellge02,171
fosteed02,171
herzobu01,171
johnsda02,171
lowede01,171
meekijo01,171
santajo01,171
siebeno01,171
turnete01,171
verlaju01,171
wakefti01,171
winnra01,171
brodist01,170
doakbi01,170
goodmbi01,170
herrto01,170
jonesad01,170
jurgebi01,170
kendrho01,170
mccarto01,170
moorejo02,170
rodrifr03,170
suhrgu01,170
uribeju01,170
bumbral01,169
ehretre01,169
mooreea01,169
spencst01,169
thomafr03,169
travice01,169
bicheda01,168
hardyjj01,168
parenfr01,168
poseybu01,168
sciosmi01,168
valenfe01,168
vazquja01,168
bushgu01,167
shindbi01,167
younger01,167
barfije01,166
boonera01,166
cuddymi01,166
ethiean01,166
kilroma01,166
raderdo02,166
woodge01,166
cashda01,165
donahre01,165
dunlafr01,165
francti01,165
hillaa01,165
jordabr01,165
thompja01,165
uptonju01,165
welchcu01,165
cirilje01,164
frasech01,164
hamelco01,164
pinielo01,164
walketi01,164
gantnji01,163
hudsoor01,163
penaca01,163
riosal01,163
sweenmi01,163
ugglada01,163
wiltsho01,163
belanma01,162
burnije01,162
jeffegr01,162
minchdo01,162
morame01,162
piersji01,162
rolfere01,162
werbebi01,162
caldwra02,161
doolami01,161
erstada01,161
fainfe01,161
hahnno01,161
hernara02,161
jonesch01,161
kershcl01,161
meuseir01,161
northji01,161
ofarrbo01,161
rogelbi01,161
shottbu01,161
smithre02,161
baergca01,160
boyercl02,160
byrdma01,160
cabreas01,160
fieldce01,160
freembu01,160
garbege01,160
guillca01,160
hendeda01,160
lackejo01,160
leonadu01,160
luderfr01,160
mclemma01,160
mumphje01,160
nathajo01,160
ortajo01,160
snowjt01,160
treshto01,160
bayja01,159
bochtbr01,159
briggjo02,159
cabreme01,159
daultda01,159
kessido01,159
larocad01,159
lezcasi01,159
shantbo01,159
stairma01,159
stengca01,159
tekulke01,159
torremi01,159
vosmijo01,159
candito01,158
coombja01,158
dempsri01,158
flanami01,158
hofmaso01,158
mathebo01,158
mcgratu01,158
suttoez01,158
bennech01,157
castivi02,157
gagnegr01,157
gordoal01,157
grubbjo01,157
johnsji01,157
joycebi01,157
lawve01,157
leiteal01,157
loberha01,157
mannle01,157
mercewi01,157
napolmi01,157
pinknge01,157
reardje01,157
sanguma01,157
templjo01,157
vidrojo01,157
virdobi01,157
wisesa01,157
claytro01,156
flackma01,156
kotsama01,156
krukjo01,156
lockmwh01,156
matsuhi01,156
ruelmu01,156
stewash01,156
engliwo01,155
hickmch01,155
higgibo02,155
hoppjo01,155
johnsla03,155
klingjo01,155
milledo02,155
rhoderi01,155
thompro01,155
wagnele01,155
beschbo01,154
blausje01,154
burnsto01,154
dejesda01,154
ellsbja01,154
forscbo01,154
getzich01,154
millest01,154
conrowi01,153
crossmo01,153
davisal01,153
hamiljo03,153
heldwo01,153
rayjo01,153
sutclri01,153
varitja01,153
walkecu01,153
zimmech01,153
burleri01,152
dunstsh01,152
millafe01,152
moorete01,152
oneilst01,152
staleha01,152
thomago01,152
weavebu01,152
bordimi01,151
hafnetr01,151
hernali01,151
landiji01,151
martipe01,151
morrijo01,151
offerjo01,151
reilljo01,151
smithfr03,151
uptonbj01,151
wilsomo01,151
wolfji01,151
zambrca01,151
caseyse01,150
dalryab01,150
harenda01,150
kennete02,150
leecl02,150
macfada01,150
patekfr01,150
bressru01,149
brookhu01,149
collish01,149
davissp01,149
delahji01,149
edwarjo01,149
foxpe01,149
headlch01,149
hoblidi01,149
seyboso01,149
stonejo01,149
victosh01,149
whitnpi01,149
youklke01,149
andruel01,148
basske01,148
chapmra01,148
ewingbo01,148
falkbi01,148
fletcsc01,148
guilloz01,148
hartji01,148
mcintma01,148
millwke01,148
myershy01,148
parkewe01,148
whitero02,148
aguilri01,147
aybarer01,147
batesjo02,147
buhlbo01,147
carpech01,147
colliri02,147
garrra01,147
magadda01,147
martida01,147
nuxhajo01,147
sexsori01,147
spande01,147
thondi01,147
clemeja01,146
eckstda01,146
figgich01,146
greenmi01,146
hamptmi01,146
hanlone01,146
hemphch01,146
hillejo01,146
hislela01,146
johnsde01,146
jonesdo01,146
kreevmi01,146
mccosba01,146
mogrige01,146
stonege01,146
trillma01,146
baileed01,145
chapmsa01,145
escobyu01,145
evereca01,145
gumbeha01,145
hansero02,145
kennead01,145
laryly01,145
mitchmi01,145
orrda01,145
priddje01,145
ramiral03,145
smithbo02,145
stanlmi02,145
adamssp01,144
cooledu01,144
easleda01,144
gonzaal02,144
goodmiv01,144
greenda01,144
gumbead01,144
hamnegr01,144
hurstbr01,144
odoulle01,144
rojasco01,144
roweja01,144
toneyfr01,144
austiji01,143
burneaj01,143
hernaro01,143
millake01,143
northbi01,143
podrejo01,143
tylerle01,143
batteea01,142
bentoru01,142
casege01,142
ferguch01,142
hendeke01,142
johnssy01,142
lestejo01,142
papeljo01,142
phillda01,142
pradoma01,142
scottev01,142
scutama01,142
seminan01,142
shortch02,142
bollifr01,141
critzhu01,141
freemfr01,141
gromest01,141
harrebu01,141
johnsja01,141
jonescl01,141
mayru01,141
montawi01,141
oberkke01,141
obriepe03,141
oroscje01,141
sizemgr01,141
southbi01,141
stewada01,141
valenjo02,141
zitoba01,141
blasido01,140
cutshge01,140
dennyje01,140
henketo01,140
hornebo01,140
hubbagl01,140
kitsofr01,140
murrare01,140
oldriru01,140
osterfr01,140
peavyja01,140
splitpa01,140
weaveje02,140
ageeto01,139
bagbyji01,139
benesan01,139
facero01,139
jonesda01,139
jonesru01,139
kempst01,139
kressre01,139
langebi01,139
lefloro01,139
mowremi01,139
muellbi02,139
nevinph01,139
pepitjo01,139
randajo01,139
reynoca01,139
snydefr01,139
stirnsn01,139
wainwad01,139
wrighgl01,139
bridwal01,138
campbbr01,138
colemvi01,138
cowenal01,138
cunnibe01,138
dimagvi01,138
guilljo01,138
kurowwh01,138
lacyle01,138
laporfr01,138
leibrch01,138
milleed03,138
mitchda01,138
radfopa01,138
roberbi01,138
sandesc01,138
stalege01,138
unserde01,138
wilsoch01,138
bierblo01,137
butlebi03,137
byrnebo01,137
cruzjo02,137
forscke01,137
graneja01,137
heganji01,137
javiest01,137
kellyro01,137
morgami01,137
powervi01,137
raffeke01,137
ramseto01,137
rhinebi01,137
righeda01,137
skinnbo01,137
smithsh01,137
clenddo01,136
jenkige01,136
lawtoma02,136
lopezhe01,136
reedjo01,136
romanjo01,136
swindgr01,136
wynegbu01,136
barreji01,135
bruceja01,135
cranddo01,135
dempsry01,135
javieju01,135
kellypa01,135
malzofr01,135
mancugu01,135
mcmahdo02,135
milledo01,135
tobinji01,135
barryja01,134
blakeca01,134
davisch02,134
frymawo01,134
greerru01,134
griffal01,134
griffto01,134
hamilea01,134
hollibu01,134
hugheto01,134
johnscl01,134
mazzile01,134
molinbe01,134
niemabo01,134
santaca01,134
severha01,134
shankho01,134
stratsc01,134
versazo01,134
camniho01,133
collida02,133
counscr01,133
dierkla01,133
fowlede01,133
harribu01,133
mitchcl01,133
mooremi01,133
peterga01,133
rijojo01,133
belchti01,132
boddimi01,132
carrach01,132
davisgl01,132
fuentti01,132
garcifr02,132
hoakdo01,132
johnske05,132
klinero01,132
kraneed01,132
laniema01,132
leifile01,132
mcbriba01,132
mcraebr01,132
robinfl01,132
armasto01,131
arroybr01,131
cunnijo01,131
desmoia01,131
donaljo02,131
gilkebe01,131
johnsch04,131
overbly01,131
renkost01,131
robinya01,131
sparktu01,131
walkene01,131
willijo03,131
bahnsst01,130
benitar01,130
bournmi01,130
demarfr02,130
fergujo01,130
gandich01,130
goldspa01,130
hamilda02,130
harrijo03,130
hattogr01,130
hayesfr01,130
hemslro01,130
herndla01,130
honeyri01,130
sadecra01,130
seguida01,130
sizemte01,130
slaugdo01,130
bentoal01,129
bentola01,129
cabelen01,129
colemjo05,129
hallmbi01,129
heywaja01,129
meyerch01,129
palmede01,129
rudoldi01,129
ruizca01,129
sheelea01,129
tayloja01,129
bannifl01,128
burkejo03,128
clancji01,128
drewst01,128
falkecy01,128
guzmacr01,128
highan01,128
mostijo01,128
seageky01,128
sewellu01,128
vinafe01,128
altuvjo01,127
belliro01,127
bonurze01,127
clarkho01,127
coonejo01,127
cordefr01,127
donovdi01,127
fasseje01,127
groteje01,127
koskico01,127
leonaje01,127
lumpeje01,127
mcbrige01,127
nixonot01,127
robined01,127
rowanaa01,127
stahlja01,127
triangu01,127
velarra01,127
clarkto02,126
durhale01,126
evansst01,126
gullibi01,126
hawkila01,126
hentgpa01,126
jacksmi02,126
liebemi01,126
loneyja01,126
mesajo01,126
overaor01,126
sandebe01,126
schulfr02,126
slatoji01,126
stenzja01,126
stransa01,126
trachst01,126
weeksri01,126
whitter01,126
beckegl01,125
beckejo02,125
chenela01,125
comisch01,125
downial01,125
flagsir01,125
fordru01,125
gentiji01,125
gonzaca01,125
gurala01,125
infanom01,125
leebi03,125
marshwi01,125
olsoniv01,125
paganan01,125
percitr01,125
perraro01,125
pizarju01,125
purcebl01,125
reisepe01,125
sandopa01,125
smithja03,125
stantmi03,125
zernigu01,125
bodiepi01,124
bradlph01,124
farretu01,124
isrinja01,124
kneppbo01,124
loducpa01,124
merceor01,124
oconnja01,124
owensp01,124
peitzhe01,124
reynoma01,124
rodriau01,124
russere01,124
scottji01,124
startjo01,124
streehu01,124
tapanke01,124
vealebo01,124
williwo02,124
wilsoji01,124
bradlmi01,123
carrocl02,123
carrofr01,123
crawfwi01,123
dennyjo01,123
felscha01,123
fennefr01,123
knighra01,123
mayele01,123
myersra01,123
odellbi01,123
ramospe01,123
reynoha01,123
richada01,123
schmija01,123
thompha02,123
timlimi01,123
weisswa01,123
wrighta01,123
brandja01,122
cainma01,122
caldwmi01,122
cuetojo01,122
earnsge01,122
eversho01,122
galehde01,122
johnsal01,122
johnsro02,122
jonesja04,122
lonboji01,122
lugoju01,122
meltobi01,122
murphda08,122
purkebo01,122
richage01,122
scherma01,122
snodgfr01,122
stanlmi01,122
walketo04,122
wilmowa01,122
youngch04,122
braunst01,121
carlsha01,121
douthta01,121
dragodi01,121
durocle01,121
gardnbr01,121
haasmu01,121
jonesto02,121
mcginju01,121
mcgresc01,121
michaca01,121
motama01,121
vizcajo01,121
wickmbo01,121
wolfra02,121
youngdm01,121
boylehe01,120
branski01,120
corkhpo01,120
epstemi01,120
ericksc01,120
gradymi01,120
jacobbr01,120
knabeot01,120
kubekto01,120
lohseky01,120
mayca01,120
mossido01,120
quinnjo02,120
redusga01,120
richabo01,120
russeji01,120
shaffor01,120
spencji01,120
bedrost01,119
carpema01,119
gessldo01,119
gonzaal01,119
higbeki01,119
horlejo01,119
isbelfr01,119
montemi01,119
moranmi01,119
morenom01,119
tesreje01,119
weimeja01,119
wilsoda01,119
wyattwh01,119
ashbyal01,118
brinked01,118
deerro01,118
giustda01,118
gowdyha01,118
harpege02,118
hintoch01,118
jansela01,118
maldoca01,118
mccormi03,118
nixontr01,118
schaege01,118
scottja01,118
selkige01,118
stennre01,118
suppaje01,118
swarted01,118
wyrosjo01,118
alomasa02,117
bernato01,117
carbobe01,117
fernasi01,117
greendi01,117
grosske01,117
hallme01,117
leibone01,117
maxwech01,117
wardpe01,117
wittmi01,117
barbest01,116
batisto01,116
bellga01,116
brilene01,116
browncl01,116
buechst01,116
davenji01,116
dentbu01,116
duganjo01,116
goldsfr01,116
groombo01,116
hayesch01,116
hundlto01,116
lordha01,116
postwa01,116
roberda05,116
robindo01,116
robinwi01,116
santaer01,116
schofdi02,116
shielja02,116
stripjo01,116
alleyge01,115
blackbu02,115
duncama01,115
ellisdo01,115
goltzda01,115
hassero01,115
hornujo01,115
kileda01,115
killied01,115
kingje01,115
lindad01,115
mccarja01,115
mcfared01,115
milnejo01,115
morelke01,115
neaglde01,115
oliveda02,115
reynocr01,115
sanfoja02,115
smithpo01,115
stottto01,115
tolanbo01,115
wilsoja02,115
wingoiv01,115
womacto01,115
colbena01,114
ellswdi01,114
fishera01,114
garlajo01,114
gladdda01,114
hartzro01,114
helmsto01,114
ingebr01,114
landrke01,114
lavelga01,114
liebejo01,114
manniri01,114
mctamji01,114
pattima01,114
polonlu01,114
ryanco01,114
steined01,114
stuardi01,114
wardga01,114
willist02,114
bellda01,113
dailyed01,113
devliji01,113
ferriho01,113
fogarji01,113
frankfr02,113
gibsoge01,113
gilesma01,113
gomezca01,113
grossgr01,113
halldi01,113
hickmji02,113
hoilech01,113
holloch01,113
hughste01,113
marshmi02,113
plesada01,113
ramirra01,113
remyje01,113
taylodu01,113
tidrodi01,113
busbyji01,112
danieka01,112
ettenni01,112
haleod01,112
hillke01,112
lillyte01,112
maymi01,112
oestero01,112
robinbi02,112
russeja01,112
singebi01,112
wagnehe01,112
wiedmst01,112
bellde01,111
brosisc01,111
brownge01,111
castrst01,111
caterda01,111
cromawa01,111
danniha01,111
davalvi01,111
foremfr01,111
gerbewa01,111
hairsje02,111
harpebr03,111
hogansh01,111
lachaca01,111
masiph01,111
mintogr01,111
pittito01,111
priceda01,111
rizzoan01,111
stovage01,111
sudhowi01,111
zahnge01,111
allenet01,110
berryke01,110
burgmto01,110
easlemi01,110
elybo01,110
fordda01,110
garrewa01,110
hargrbu01,110
hartco01,110
hinchbi01,110
lowenjo01,110
martira02,110
medicdo01,110
monbobi01,110
moralke01,110
northro01,110
pottene01,110
ricede01,110
riceha01,110
ringji01,110
saiervi01,110
schmijo01,110
wietema01,110
astacpe01,109
beniqju01,109
booneaa01,109
carrocl01,109
gleasbi01,109
haranaa01,109
heathcl01,109
hemusso01,109
hernawi01,109
hummejo01,109
jonesma01,109
krukomi01,109
lansimi01,109
lavagco01,109
lucrojo01,109
mulhote01,109
nagych01,109
obrieda01,109
retteme01,109
seleaa01,109
sotoma01,109
thomade01,109
washbja01,109
webbbr01,109
woodke02,109
adamsbo03,108
andremi01,108
andujjo01,108
blefacu01,108
bressed01,108
breweji01,108
caseydo01,108
charled01,108
colliri01,108
craneed01,108
drabomo01,108
eisenji01,108
harrigr01,108
hattesc01,108
hernajo01,108
lawva01,108
litwhda01,108
lowrepe01,108
millijo01,108
mullira01,108
nomohi01,108
petryda01,108
portehe01,108
wilsodo01,108
abernte02,107
campbbi02,107
demonge01,107
escobke01,107
foliti01,107
fordho01,107
forstte01,107
incavpe01,107
irwinar01,107
jacksda02,107
lindejo01,107
macksh01,107
martial03,107
matthga02,107
norenir01,107
oconnda02,107
riverji01,107
seeryem01,107
suggsge01,107
upshawi01,107
valvejo01,107
waitked01,107
wardaa01,107
whitsed01,107
yorkto01,107
alvarwi01,106
beckro01,106
billija01,106
brantmi02,106
bumgama01,106
catalfr01,106
collihu01,106
darliro01,106
davisjo02,106
dejesiv01,106
encarju01,106
fisheed02,106
fuentbr01,106
larkite01,106
lefebji01,106
lewiste01,106
macfami01,106
mcquige01,106
phillbi01,106
rothbr01,106
shautjo01,106
smithda02,106
tebbebi01,106
thompmi02,106
wambsbi01,106
wiggity01,106
worthal01,106
yeagest01,106
carpehi01,105
caseyda01,105
conigto01,105
erskica01,105
fredejo01,105
grothjo01,105
hoeftbi01,105
hollida01,105
holmedu01,105
jacksau01,105
kenneve01,105
kipnija01,105
morrima01,105
pacioto01,105
reichri01,105
scottmi03,105
smithza01,105
tebeapa01,105
terryra01,105
webstmi01,105
whittpo01,105
wittwh01,105
worreto01,105
alomasa01,104
bernhbi01,104
caldeiv01,104
covinwe01,104
fribebe01,104
gallayo01,104
geronce01,104
grosswa01,104
heidrem01,104
loaizes01,104
lopatst01,104
lopezfe01,104
mageele01,104
majesha01,104
milleri01,104
morriha02,104
murphjo04,104
ojedabo01,104
pearsal02,104
radclri01,104
russeje01,104
saboch01,104
sanchre01,104
sewared01,104
suzukku01,104
vangiel01,104
bolinbo01,103
brownll01,103
creebi01,103
demetdo01,103
farreja02,103
francje02,103
greggve01,103
herbera01,103
hudsosi01,103
jonessa02,103
klippjo01,103
koenima01,103
lemonji01,103
moorech02,103
seguidi01,103
smilejo01,103
stantmi02,103
sweenbi02,103
tuckemi01,103
aldrivi01,102
alicelu01,102
backmwa01,102
cespeyo01,102
derosma01,102
douglph01,102
gastomi01,102
gulledo01,102
gustifr01,102
hallabi01,102
hoffmda01,102
iannech01,102
johnsbi03,102
lumleha01,102
paglimi01,102
rasmuco01,102
rawlesh01,102
rhodear01,102
schaapa01,102
smithse01,102
spencda01,102
weathda01,102
wittbo01,102
batismi01,101
carroja01,101
gomezch02,101
hearnji01,101
hidalri01,101
judniwa01,101
kuehnbi01,101
lampde01,101
leibeha01,101
linceti01,101
muellra01,101
normafr01,101
oakesre01,101
peltyba01,101
sheetbe01,101
smithel02,101
swiftbi02,101
tewksbo01,101
urbinug01,101
weilmca01,101
wilcomi01,101
bartlja01,100
bassljo01,100
bigbeca01,100
cordewi01,100
fothebo01,100
hallji02,100
harnipe01,100
heathmi02,100
hendeha01,100
higuete01,100
hinsker01,100
hoffebi01,100
jonesra01,100
knowlda01,100
mcdowro01,100
parkch01,100
portuma01,100
reganph01,100
rookeji01,100
ruthvdi01,100
smithbr01,100
striccu01,100
brownto05,99
cardwdo01,99
carseki01,99
coughbi01,99
davisra01,99
doteloc01,99
fonsele01,99
garmsde01,99
gomesjo01,99
grievbe01,99
harmobo01,99
hillgl01,99
irwinch01,99
jacksgr01,99
johnssi01,99
ludwiry01,99
lundgca01,99
lynchja01,99
mcnaier01,99
millebo04,99
mortogu01,99
olsongr01,99
oquenjo01,99
otoolji01,99
roberda01,99
salazlu01,99
stobbch01,99
tannele01,99
valdeis01,99
vittos01,99
wallide01,99
zarilal01,99
aguirha01,98
alvisma01,98
bosioch01,98
brownha01,98
burdoja01,98
burkeed01,98
burrira01,98
carlete01,98
cruzju01,98
culpra01,98
curtich01,98
davisst02,98
escobal02,98
esperdu01,98
guarded01,98
hatchbi01,98
hennemi01,98
hosmeer01,98
hotalpe01,98
kirklwi01,98
kisonbr01,98
machama01,98
maulal01,98
milleda02,98
moriage02,98
oleartr01,98
rhoadbo01,98
rossco01,98
schreos01,98
simsdu01,98
spierbi01,98
willeed01,98
youngjo02,98
collira01,97
dickera01,97
hemmige01,97
hendest01,97
hildeor01,97
kellnal01,97
kirkped01,97
knoopbo01,97
kolpra01,97
laabsch01,97
mcaleji01,97
mulvejo01,97
murphda07,97
orsuljo01,97
quantpa01,97
shawje01,97
sieveed01,97
snyderu01,97
taborji01,97
tuttlbi01,97
werdepe01,97
westlwa01,97
zaungr01,97
bellle01,96
beltbr01,96
bibbyji01,96
blaloha01,96
branyru01,96
dalrycl01,96
deleojo01,96
girarjo01,96
johnsni01,96
jorgemi01,96
kimbrcr01,96
labincl01,96
mccrato01,96
paytoja01,96
perezne01,96
spiezsc01,96
teufeti01,96
walkebi01,96
wertdo01,96
brownol02,95
crookja01,95
grimsro02,95
grubeke01,95
guttedo01,95
howelja01,95
johnske02,95
larocda01,95
larsedo01,95
lavalmi01,95
meltocl01,95
moralje01,95
morgaed01,95
myersbr01,95
pennybr01,95
portebo01,95
quentca01,95
reynosh01,95
smithed04,95
wakefdi01,95
watkige01,95
westrwe01,95
wilsopr01,95
allenbe01,94
asprobo01,94
burbada01,94
callaal01,94
cantwbe01,94
diazbo01,94
dotsori01,94
garcida01,94
kosloda01,94
pettiga01,94
pickeol01,94
roeniga01,94
rosarbu01,94
sanchfr01,94
smithea02,94
sorrevi01,94
westma02,94
willsbu01,94
wilsogl01,94
adairje01,93
benoijo01,93
brenlbo01,93
brockgr01,93
clevere01,93
dailyhu01,93
dietrbi01,93
doziebr01,93
harrisl01,93
izturma01,93
kubelja01,93
lidgebr01,93
mayda01,93
mcdermi03,93
moorege03,93
nealch01,93
rodrihe02,93
roystje01,93
shawdu01,93
sothoal01,93
sweench01,93
tablepa01,93
taylobi01,93
abbated01,92
bagbyji02,92
barajro01,92
barrema02,92
barrysh01,92
bengera01,92
blakesh01,92
breweto01,92
causewa01,92
crawfbr01,92
crigelo01,92
dropowa01,92
fletcda01,92
guzmaju01,92
leachfr01,92
lockdo01,92
longda02,92
mahleri01,92
mayerer01,92
mccreto01,92
montejo01,92
muelldo01,92
richmle01,92
salech01,92
smithal03,92
sommejo01,92
stonest01,92
turlebo01,92
valenel01,92
wintege01,92
buckjo01,91
ceronri01,91
dolanco01,91
dooinre01,91
dugglbi01,91
freesda01,91
howelro02,91
hundlra01,91
jimenub01,91
kingji01,91
leffecr01,91
mannija01,91
mathemi01,91
mclouna01,91
mortoca01,91
nicolhu01,91
package01,91
pagliji01,91
penaal01,91
perezsa02,91
reedri01,91
richile01,91
soderer01,91
wrighcl01,91
altroni01,90
alvarpe01,90
baumhfr01,90
bladera01,90
breamsi01,90
byrdpa01,90
covelha01,90
coxbi02,90
dorgami01,90
finnelo01,90
gedmari01,90
gelbech01,90
lewisda01,90
marquja01,90
mitchwi01,90
schnebr01,90
thurssl01,90
wilsoar01,90
wilsocj01,90
beckebe01,89
benzjo01,89
brownji03,89
conlege01,89
dahlgba01,89
dauerri01,89
davisdo02,89
haddoge01,89
holkewa01,89
houttar01,89
hurstdo01,89
kearnau01,89
lemasde01,89
loopebr01,89
paddedi01,89
randlle01,89
raridbi01,89
seatoto01,89
stearjo01,89
verasqu01,89
viaule01,89
warnejo01,89
blumge01,88
brancra01,88
brantje01,88
byrneer01,88
cairomi01,88
donahji02,88
freesge02,88
haefnmi01,88
harreke01,88
haynejo01,88
hendrha01,88
lavando01,88
maddoel01,88
martica01,88
maynebr01,88
melilsk01,88
merckke01,88
odayha01,88
olivomi01,88
owenmi01,88
perkicy01,88
riverju01,88
rodnefe01,88
snydepo01,88
soriara01,88
wightbi01,88
wrighja01,88
anderla02,87
ashbyan01,87
brownla01,87
cadorle01,87
careyan01,87
credejo01,87
devermi01,87
gutiefr01,87
hankifr01,87
henrybi01,87
joycema01,87
kennebo01,87
kerrbu01,87
killebi01,87
lockebo02,87
maxvida01,87
mccaski01,87
mizelvi01,87
moorejo01,87
murphed02,87
nelsoca01,87
podsesc01,87
putzjj01,87
rhemfl01,87
rolliri01,87
rueteki01,87
siebedi01,87
smootho01,87
soltemo01,87
terrewa01,87
wilkebr01,87
yeagejo01,87
abbotji01,86
altmage01,86
assenpa01,86
avilaal01,86
barnhcl01,86
bayha01,86
burketi01,86
cainlo01,86
corajo01,86
duncapa01,86
dunnja01,86
elsteke01,86
fossera01,86
frazito01,86
fullesh01,86
gagneer01,86
harshja01,86
healyjo01,86
jayjo01,86
linzyfr01,86
mcquihu01,86
minnepa01,86
morgara01,86
mullipa01,86
olivejo01,86
padilvi01,86
pattero01,86
plunker01,86
powelra01,86
andreed01,85
baldwla01,85
barmecl01,85
coraal01,85
davenda01,85
davismi02,85
esaskni01,85
garvine01,85
gillepe01,85
glanvdo01,85
greenle01,85
hansoer01,85
hugheja01,85
johnsre02,85
kazmisc01,85
krameja01,85
leetr01,85
meyerru01,85
mientdo01,85
nokesma01,85
obrieja01,85
owenma01,85
phelpba01,85
rignejo01,85
shawji01,85
snydeco02,85
soriajo01,85
taubeed01,85
taverfr01,85
trumbma01,85
venabwi01,85
williea02,85
youngde03,85
brogler01,84
brookto01,84
cruzde01,84
dietzdi01,84
englecl01,84
estalbo01,84
foyjo01,84
graveda01,84
haasmo01,84
hallbi03,84
harrile01,84
howear01,84
iviemi01,84
jacksra01,84
janseke01,84
lowrije01,84
madsory01,84
mcbeaal01,84
melesa01,84
morriji01,84
muldema01,84
radatdi01,84
reddijo01,84
reedst01,84
reitzke01,84
scottlu01,84
whitema01,84
zeidero01,84
azcuejo01,83
betanra01,83
blassst01,83
chapmar01,83
craigro01,83
dwyerji01,83
eichhma01,83
farrst01,83
gutieri01,83
halesa01,83
harpebr01,83
hawpebr01,83
hernaor01,83
izturce01,83
jahajo01,83
jayjo02,83
konstji01,83
mamaual01,83
mastewa02,83
mcdonbe01,83
pfiesja01,83
richepe01,83
shower01,83
suderpe01,83
turneji01,83
underto01,83
vuckope01,83
weaveje01,83
averyst01,82
blantjo01,82
bonhabi01,82
cervbo01,82
doumiry01,82
dowdto01,82
gilbebi02,82
gonzagi01,82
graffto01,82
helliri01,82
hevinjo02,82
hraboal01,82
lakeed01,82
lindjo01,82
martiti01,82
mcculcl01,82
mcdowod01,82
metkoca01,82
mossbr01,82
odeake01,82
perripo01,82
sorenla01,82
sorrepa01,82
sotoge01,82
walkeha01,82
warddu01,82
wilkste01,82
wolveha01,82
youngba01,82
aasedo01,81
betanyu01,81
byrneto01,81
caseyhu01,81
colboji01,81
collijo01,81
dubucje01,81
dudalu01,81
eldreca01,81
farrasi01,81
frankry01,81
gerhajo01,81
hammoje01,81
hershmi01,81
hessot01,81
hollato01,81
jonesga02,81
lopezjo01,81
lynchje01,81
mcjamdo01,81
mclisca01,81
muncrbo01,81
ortizru01,81
paganjo01,81
pytlafr01,81
reitzhe01,81
rosemch01,81
tayloda01,81
whitesa02,81
youngke01,81
ayersdo01,80
barremi01,80
boeckto01,80
brettke01,80
brosnji01,80
brownje01,80
cordoma01,80
demaral01,80
everibi01,80
fondyde01,80
gonzami01,80
guthrje01,80
herrmed01,80
howrybo01,80
jordabu01,80
karkoro01,80
kurodhi01,80
metzgro01,80
milledu01,80
mungere01,80
navarja01,80
nilssda01,80
oeschjo01,80
pavanca01,80
piattwi01,80
picinva01,80
raganpa01,80
rodriwa01,80
schatda01,80
sosael01,80
spraged02,80
tavarju01,80
thomale03,80
treshmi01,80
vandejo02,80
youngra01,80
zieglbr01,80
abreujo02,79
boyleja01,79
brownma01,79
cedenro01,79
charlno01,79
davisdi01,79
ensbemo01,79
esterdu01,79
gottji01,79
hamlilu01,79
hodapjo01,79
knottja01,79
leslisa01,79
lindbpa01,79
lockwsk01,79
lopezau01,79
mcclebi01,79
millewa02,79
millira01,79
myersbi01,79
pasquda01,79
patteca01,79
pipgrge01,79
powerte01,79
robinaa01,79
schumsk01,79
walkegr01,79
ainsmed01,78
alouje01,78
bettshu01,78
borbope01,78
bowerfr01,78
espinda01,78
felizpe01,78
foytapa01,78
handlle01,78
heintke01,78
hermadu01,78
jeffcha01,78
kaskoed01,78
keistbi01,78
knellph01,78
leyriji01,78
morgacy01,78
niggejo01,78
orourfr01,78
parrage01,78
riddlel01,78
rigneto01,78
roberle01,78
sanchan01,78
shannmi01,78
uribejo01,78
valleda01,78
aikenwi01,77
alexada01,77
almonbi01,77
barklsa01,77
berenju01,77
broxtjo01,77
campri01,77
chrisla01,77
clippty01,77
coffmdi01,77
colliph01,77
cruiswa01,77
dealch01,77
delocik01,77
eatonad02,77
figueed01,77
fistedo01,77
gallemi01,77
geigega01,77
hargast01,77
jarvipa01,77
jordati01,77
josefe01,77
kernji01,77
martest01,77
martijd02,77
mayja01,77
mcgloly01,77
melanma01,77
moranpa01,77
owenfr01,77
penaor01,77
puntoni01,77
quallch01,77
russeal01,77
sandera01,77
simmoan01,77
spillda01,77
sullibi03,77
weavesa01,77
whitnar01,77
wyseha01,77
andreiv01,76
benedbr01,76
bushra01,76
coghlch01,76
courtcl01,76
curtijo01,76
delluda01,76
duryeje01,76
egandi01,76
howest01,76
humeto01,76
kenneia01,76
kimby01,76
kittlro01,76
langfri01,76
lemkema01,76
lovetto01,76
lushjo01,76
mannfr01,76
martibi02,76
mcgilwi01,76
merriji01,76
morgato01,76
morsemi01,76
murphto02,76
patteco01,76
pineijo01,76
raudo01,76
roberda07,76
rojasme01,76
rozemda01,76
ruffibr01,76
segurje01,76
troutst01,76
veresda01,76
wegmabi01,76
wilkiri01,76
zimmejo02,76
beckhgo01,75
birddo01,75
blantcy01,75
cantujo01,75
cormirh01,75
eastete01,75
edwarha01,75
fitzmal01,75
fullmbr01,75
granted01,75
hahned01,75
harvebr01,75
howelja02,75
johnsjo09,75
liriafr01,75
lummi01,75
mcclubo01,75
menosmi01,75
milneed01,75
moellda01,75
morynwa01,75
navardi01,75
pagnoto01,75
shouncl01,75
simpsha01,75
tomkobr01,75
turneju01,75
vaughfa01,75
weathro01,75
willimi02,75
wilsoji02,75
spahnwa01,412
gibsobo01,317
maddugr01,397
jenkife01,323
perryga01,369
maricju01,263
newhoha01,264
blylebe01,339
carltst01,366
grimebu01,286
rixeyep01,315
lyonste01,312
ruffire01,322
faberre01,292
glavito02,316
martipe02,254
wynnea01,309
gomezle01,185
ryanno01,334
haineje01,207
gossari01,223
grovele01,391
seaveto01,388
hubbeca01,305
drysddo01,258
roberro01,339
covelst01,245
palmeji01,312
fordwh01,261
fellebo01,292
koufasa01,194
niekrph01,374
lemonbo01,232
bunniji01,257
deandi01,181
vanceda01,241
johnsra05,326
suttebr01,168
suttodo01,319
smoltjo01,290
hunteca01,206
eckerde01,301
hoytwa01,262
wilheho01,256
fingero01,188
pennohe01,240
