Name,playerid
Alfredo Amezaga,1
Garret Anderson,2
Jamie Burke,6
Dennis Cook,8
David Eckstein,10
Darin Erstad,11
Jorge Fabregas,12
Brad Fullmer,13
Benji Gil,14
Troy Glaus,15
Adam Kennedy,19
Bengie Molina,24
Jose Molina,25
Jose Nieves,26
Ramon Ortiz,27
Orlando Palmeiro,28
Julio Ramirez,31
Tim Salmon,32
Scott Spiezio,37
Shawn Wooten,43
Brian Anderson,44
Rod Barajas,45
Miguel Batista,46
Danny Bautista,47
Jay Bell,48
Kyle Blanks,49
Alex Cintron,50
Greg Colbrunn,51
Craig Counsell,52
Steve Finley,54
Luis Gonzalez,55
Mark Grace,56
Jose Guillen,57
Rick Helling,58
Randy Johnson,60
Byung-Hyun Kim,61
Damian Miller,65
Chad Moeller,66
Mike Morgan,67
John Patterson,71
Armando Reynoso,72
Curt Schilling,73
Junior Spivey,74
Todd Stottlemyre,75
Greg Swindell,76
Matt Williams,77
Tony Womack,78
Ernie Young,79
Henry Blanco,81
Darren Bragg,83
Vinny Castilla,84
Julio Franco,87
Rafael Furcal,88
Marcus Giles,89
Tom Glavine,90
Chris Hammond,92
Wes Helms,94
Andruw Jones,96
Chipper Jones,97
Ryan Langerhans,98
George Lombard,101
Javy Lopez,103
Greg Maddux,104
Jason Marquis,105
Kevin Millwood,106
Horacio Ramirez,110
Mike Remlinger,111
Gary Sheffield,114
John Smoltz,115
B.J. Surhoff,117
Chad Allen,122
Alex Arias,123
Tony Batista,124
Larry Bigbie,128
Mike Bordick,129
Jeff Conine,131
Marty Cordova,132
Brook Fordyce,138
Jay Gibbons,141
Geronimo Gil,142
Jerry Hairston,144
Jose Leon,149
Rodrigo Lopez,150
Luis Matos,152
Gary Matthews Jr.,153
Ryan McGuire,155
Izzy Molina,156
Melvin Mora,157
Chris Richard,163
Brian Roberts,166
David Segui,169
Chris Singleton,170
Scott Cousins,173
Carlos Baerga,175
Kevin Brown,178
John Burkett,179
Frank Castillo,180
Tony Clark,182
Johnny Damon,185
Brian Daubach,186
Nomar Garciaparra,190
Rickey Henderson,194
Dustin Hermanson,195
Shea Hillenbrand,196
Danny Worth,198
Derek Lowe,199
Pedro Martinez,200
Lou Merloni,201
Doug Mirabelli,202
Trot Nixon,204
Jose Offerman,205
Darren Oliver,206
Calvin Pickering,208
Manny Ramirez,210
Will Venable,211
Rey Sanchez,213
Jason Varitek,217
Tim Wakefield,219
Sandy Alomar Jr.,221
Joe Borchard,224
Mark Buehrle,225
Royce Clayton,226
Joe Crede,227
Ray Durham,230
Jon Garland,232
Tony Graffanino,235
Willie Harris,236
Tim Hummel,238
Mark Johnson,240
Paul Konerko,242
Carlos Lee,243
Jeff Liefer,245
Kenny Lofton,246
Magglio Ordonez,248
Josh Paul,251
Todd Ritchie,253
Aaron Rowand,254
Frank Thomas,255
Jose Valentin,256
Moises Alou,261
Mark Bellhorn,264
Alan Benes,265
Jason Bere,266
Roosevelt Brown,268
Hee Seop Choi,270
Matt Clement,271
Delino DeShields,275
Jeff Fassero,279
Joe Girardi,280
Alex Gonzalez,281
Bobby Hill,283
Todd Hundley,284
Darren Lewis,286
Jon Lieber,287
Robert Machado,289
Fred McGriff,293
Adam Melhuse,294
Bill Mueller,295
Augie Ojeda,297
Luis Ordaz,298
Donovan Osborne,299
Corey Patterson,300
Mark Prior,301
Sammy Sosa,302
Chris Stynes,303
Kerry Wood,304
Carlos Zambrano,305
Jose Acevedo,307
Aaron Boone,311
Ben Broussard,312
Sean Casey,314
Juan Castro,315
Gookie Dawkins,316
Elmer Dessens,317
Adam Dunn,319
Juan Encarnacion,320
Ken Griffey Jr.,327
Joey Hamilton,328
Jimmy Haynes,329
Austin Kearns,332
Barry Larkin,335
Brandon Larson,336
Jason LaRue,337
Ruben Mateo,340
Corky Miller,342
Wily Mo Pena,344
Chris Reitsma,348
Jose Rijo,349
Dane Sardinha,353
Jose Silva,354
Kelly Stinnett,356
Reggie Taylor,358
Todd Walker,359
Kevin Witt,362
Brady Anderson,364
Bruce Aven,366
Milton Bradley,369
Russell Branyan,370
Ellis Burks,372
Jolbert Cabrera,373
Bartolo Colon,375
Einar Diaz,378
Todd Dunwoody,381
Alex Escobar,383
Travis Fryman,385
Ricky Gutierrez,387
Brooks Kieschnick,389
Matt Lawton,390
Chris Magruder,392
Victor Martinez,393
John McDonald,395
Eddie Perez,400
CC Sabathia,404
Bill Selby,405
Jim Thome,409
Omar Vizquel,411
Jake Westbrook,412
Benny Agbayani,416
Gary Bennett,420
Brent Butler,423
Shawn Chacon,424
Scott Elarton,426
Bobby Estalella,428
Mike Hampton,430
Todd Helton,432
Todd Hollandsworth,433
Jason Jennings,434
Mark Little,438
Kent Mercker,439
Denny Neagle,441
Jose Ortiz,442
Juan Pierre,443
Victor Santos,446
Terry Shumpert,449
John Thomson,453
Juan Uribe,454
Larry Walker,455
Todd Zeile,457
Jacob Cruz,463
Damion Easley,464
Robert Fick,466
Shane Halter,468
Bobby Higginson,469
Brandon Inge,470
Damian Jackson,471
Ryan Jackson,472
Jose Lima,475
Jose Macias,476
Wendell Magee,477
Mitch Meluskey,478
Brian Moehler,480
Eric Munson,481
Dean Palmer,482
Craig Paquette,484
Mark Redman,491
Adam Riggs,492
Mike Rivera,493
Oscar Salazar,495
Randall Simon,497
Matt Walbeck,501
Jeff Weaver,503
Dmitri Young,505
Josh Beckett,510
A.J. Burnett,512
Luis Castillo,513
Ramon Castro,514
Ryan Dempster,517
Cliff Floyd,518
Alex Gonzalez,520
Charles Johnson,523
Derrek Lee,525
Braden Looper,526
Mike Lowell,527
Kevin Millar,529
Abraham Nunez,531
Eric Owens,534
Brad Penny,535
Mike Redmond,538
Mark Smith,540
Julian Tavarez,541
Preston Wilson,545
Brad Ausmus,546
Jeff Bagwell,547
Lance Berkman,548
Craig Biggio,549
Geoff Blum,550
Raul Chavez,553
Morgan Ensberg,556
Richard Hidalgo,561
Brian Hunter,562
Julio Lugo,565
Wade Miller,568
Dave Mlicki,569
Roy Oswalt,571
Tim Redding,573
Shane Reynolds,574
Jose Vizcaino,577
Daryle Ward,579
Gregg Zaun,580
Luis Alicea,584
Danny Ardoin,585
Carlos Beltran,589
Brandon Berger,590
Angel Berroa,591
Juan Brito,592
Dee Brown,593
Paul Byrd,594
Mike Caruso,595
Carlos Febles,598
Ken Harvey,604
A.J. Hinch,606
Raul Ibanez,607
Chuck Knoblauch,609
Brent Mayne,614
Neifi Perez,620
Mark Quinn,621
Joe Randa,623
Donnie Sadler,627
Brandon Barnes,629
Jeff Suppan,633
Mike Sweeney,634
Michael Tucker,635
Andy Ashby,637
Adrian Beltre,639
Kevin Brown,642
Omar Daal,646
Darren Dreifort,647
Shawn Green,651
Marquis Grissom,652
Mark Grudzielanek,653
Kazuhisa Ishii,655
Cesar Izturis,656
Brian Jordan,658
Eric Karros,659
Mike Kinkade,660
Chad Kreuter,661
Paul Lo Duca,662
Terry Mulholland,665
Hideo Nomo,666
Odalis Perez,668
Dave Roberts,670
Joe Thurston,673
Paul Bako,676
Ronnie Belliard,677
Raul Casanova,680
Nelson Figueroa,683
Jeffrey Hammonds,687
Jose Hernandez,688
Tyler Houston,689
Geoff Jenkins,690
Marcus Jensen,691
Luis Lopez,695
J.P. Arencibia,697
Alex Ochoa,700
Ruben Quevedo,705
Glendon Rusch,707
Alex Sanchez,708
Richie Sexson,709
Ben Sheets,710
Ryan Thompson,713
Jamey Wright,715
Eric Young,716
Casey Blake,719
Brian Buchanan,720
Jay Canizaro,722
Cristian Guzman,728
Denny Hocking,730
Torii Hunter,731
Jacque Jones,735
Bobby Kielty,736
Corey Koskie,738
Kyle Lohse,739
Doug Mientkiewicz,741
Eric Milton,743
Dustan Mohr,744
David Ortiz,745
A.J. Pierzynski,746
Tom Prince,747
Rick Reed,750
Mike Restovich,751
Luis Rivas,753
Johan Santana,755
Javier Valentin,759
Tony Armas Jr.,761
Michael Barrett,762
Peter Bergeron,763
Orlando Cabrera,766
Endy Chavez,768
Bruce Chen,769
Wil Cordero,770
Vladimir Guerrero,778
Sandy Martinez,784
Todd Frazier,785
Tomo Ohka,788
Troy O'Leary,789
Carl Pavano,790
Brandon Phillips,791
Brian Schneider,795
Lee Stevens,796
Fernando Tatis,798
Chris Truby,799
Javier Vazquez,801
Jose Vidro,802
Brad Wilkerson,804
Masato Yoshii,807
Erick Almonte,808
Alberto T. Castillo,812
Brandon Claussen,814
Roger Clemens,815
Ron Coomer,816
Jason Giambi,818
Orlando Hernandez,823
Sterling Hitchcock,824
Derek Jeter,826
Nick Johnson,828
Ted Lilly,833
Billy McMillon,834
Andy Pettitte,840
Jorge Posada,841
Bill Pulsipher,842
Juan Rivera,843
Scott Seabol,846
Alfonso Soriano,847
Shane Spencer,848
Mike Thurman,852
John Vander Wal,853
Robin Ventura,854
David Wells,855
Rondell White,856
Bernie Williams,857
Enrique Wilson,858
Edgardo Alfonzo,859
Roberto Alomar,860
Pedro Astacio,862
Jeromy Burnitz,867
Roger Cedeno,869
Jeff D'Amico,871
Shawn Estes,873
John Hester,877
Chris Latham,882
Al Leiter,883
Joe McEwing,887
Rey Ordonez,889
Jay Payton,890
Timo Perez,891
Jason Phillips,892
Mike Piazza,893
Jae Seo,895
Steve Trachsel,898
Mo Vaughn,899
Jorge Velandia,900
David Weathers,902
Vance Wilson,903
Eric Byrnes,905
Eric Chavez,906
Mike Colangelo,907
Jermaine Dye,911
Jeremy Giambi,913
Brennan Boesch,914
Scott Hatteberg,916
Ramon Hernandez,918
Tim Hudson,921
David Justice,923
Cory Lidle,926
Terrence Long,927
Frank Menechino,931
Mark Mulder,932
Greg Myers,933
Carlos Pena,934
Adam Piatt,935
Olmedo Saenz,937
Larry Sutton,939
Miguel Tejada,941
Randy Velarde,942
Barry Zito,944
Bobby Abreu,945
Marlon Anderson,947
Pat Burrell,949
Marlon Byrd,950
Rheal Cormier,952
Brandon Duckworth,954
Johnny Estrada,955
Doug Glanville,956
Matt Downs,957
Travis Lee,958
Mike Lieberthal,959
Brett Myers,962
Vicente Padilla,964
Tomas Perez,965
Robert Person,966
Todd Pratt,968
Scott Rolen,970
Jimmy Rollins,971
Randy Wolf,976
Jimmy Anderson,977
Bronson Arroyo,978
Mike Benjamin,981
Kris Benson,982
Adrian Brown,985
Josh Fogg,989
Brian Giles,990
Chad Hermansen,991
Jason Kendall,993
Rob Mackowiak,995
Brian Meadows,998
Keith Osik,1001
Aramis Ramirez,1002
Tike Redman,1003
Pokey Reese,1004
Armando Rios,1006
Ron Villone,1010
Ryan Vogelsong,1011
Kip Wells,1012
Dave Williams,1013
Mike Williams,1014
Craig Wilson,1015
Jack Wilson,1017
Kevin Young,1018
Kevin Barker,1019
Sean Burroughs,1021
Javier Cardona,1023
Cesar Crespo,1024
Deivi Cruz,1025
Kory DeHaan,1027
Adam Eaton,1029
Ron Gant,1032
Wiki Gonzalez,1033
Trenidad Hubbard,1036
Kevin Jarvis,1037
D'Angelo Jimenez,1038
Bobby Jones,1039
Ryan Klesko,1041
Mark Kotsay,1042
Tom Lampkin,1043
Ray Lankford,1044
Brian Lawrence,1045
Donaldo Mendez,1047
Phil Nevin,1049
Jake Peavy,1051
Brian Tollberg,1055
Brett Tomko,1056
Bubba Trammell,1057
Ramon Vazquez,1058
Willie Bloomquist,1066
Bret Boone,1067
Pat Borders,1068
Mike Cameron,1070
Jeff Cirillo,1073
Ben Davis,1074
Charles Gipson,1078
Carlos Guillen,1079
Gene Kingsale,1085
Edgar Martinez,1086
Mark McLemore,1088
Jamie Moyer,1091
John Olerud,1093
Joel Pineiro,1094
Scott Podsednik,1095
Desi Relaford,1096
Ruben Sierra,1099
Ichiro Suzuki,1101
Dan Wilson,1102
Rich Aurilia,1106
David Bell,1108
Barry Bonds,1109
Pedro Feliz,1112
Tom Goodwin,1114
Edwards Guzman,1115
Livan Hernandez,1116
Marco Estrada,1118
Jeff Kent,1119
Ramon Martinez,1120
Russ Ortiz,1124
Cody Ransom,1126
Kirk Rueter,1128
Reggie Sanders,1129
Benito Santiago,1130
Jason Schmidt,1131
Tsuyoshi Shinjo,1132
J.T. Snow,1133
Yorvit Torrealba,1135
Jerome Williams,1137
Rick Ankiel,1142
Andy Benes,1144
Wilson Delgado,1150
Mike DiFelice,1151
J.D. Drew,1152
Jim Edmonds,1153
Jason Isringhausen,1158
Andrew Romine,1159
Darryl Kile,1163
Chris Valaika,1165
Eli Marrero,1166
Al Martin,1167
Tino Martinez,1168
Mike Matheny,1169
Matt Morris,1172
Placido Polanco,1176
Albert Pujols,1177
Edgar Renteria,1178
Kerry Robinson,1179
Jason Simontacchi,1181
Garrett Stephenson,1185
So Taguchi,1186
Fernando Vina,1189
Woody Williams,1190
Chris Johnson,1191
Brent Abernathy,1192
Wilson Alvarez,1193
Emil Brown,1197
Jason Conti,1199
Steve Cox,1200
Carl Crawford,1201
Felix Escalona,1204
Sal Fasano,1205
John Flaherty,1206
Ryan Freel,1207
Chris Gomez,1208
Ben Grieve,1209
Toby Hall,1210
Paul Hoover,1212
Aubrey Huff,1213
Russ Johnson,1216
Joe Kennedy,1217
Damian Rolls,1222
Jared Sandberg,1224
Andy Sheets,1226
Jason Smith,1227
Jorge Sosa,1228
Jason Tyner,1232
Greg Vaughn,1233
Paul Wilson,1234
Randy Winn,1235
Dave Burba,1239
Frank Catalanotto,1241
Doug Davis,1244
R.A. Dickey,1245
Kelly Dransfeldt,1248
Carl Everett,1249
Juan Gonzalez,1251
Rusty Greer,1252
Bill Haselman,1254
Gabe Kapler,1256
Mike Lamb,1258
Ryan Ludwick,1260
Kevin Mench,1261
Calvin Murray,1262
Hector Ortiz,1264
Rafael Palmeiro,1266
Chan Ho Park,1267
Herbert Perry,1270
Alex Rodriguez,1274
Ivan Rodriguez,1275
Jason Romano,1278
Mark Teixeira,1281
Ismael Valdez,1283
Steve Woodard,1285
Michael Young,1286
Dave Berg,1288
Chris Carpenter,1292
Jose Cruz,1296
Carlos Delgado,1297
Darrin Fletcher,1302
Roy Halladay,1303
Eric Hinske,1305
Ken Huckaby,1306
Orlando Hudson,1307
Joe Lawrence,1308
Brian Lesher,1309
Esteban Loaiza,1310
Felipe Lopez,1311
Raul Mondesi,1314
Chad Mottola,1315
Steve Parris,1316
Josh Phelps,1318
Shannon Stewart,1322
Vernon Wells,1326
Jayson Werth,1327
Tom Wilson,1328
Chris Woodward,1329
John Valentin,1375
Mark Johnson,1376
Quinton McCracken,1377
Wilton Guerrero,1378
Andy Fox,1379
Keith Lockhart,1380
John Mabry,1381
Marvin Benard,1382
Mark Loretta,1383
Matt Stairs,1384
Mike Mordecai,1385
Alex Cora,1386
Greg Norton,1388
Jeff Reboulet,1389
Andres Galarraga,1390
Dave Hollins,1391
Mark DeRosa,1392
Orlando Merced,1393
Lenny Harris,1394
Gerald Williams,1395
Chris Donnels,1396
Jason Lane,1397
Brady Clark,1398
Jason Michaels,1399
Shawon Dunston,1401
David Dellucci,1402
Dave Hansen,1403
Hiram Bocachica,1404
Tim Raines,1406
Ricky Ledee,1407
Mark Sweeney,1408
Eduardo Perez,1409
Damon Minor,1411
Miguel Cairo,1412
Erubiel Durazo,1413
Ramon Santiago,1417
Jesse Garcia,1418
Hank Blalock,1419
Abraham Nunez,1420
McKay Christensen,1421
Warren Morris,1424
Homer Bush,1425
Henry Rodriguez,1427
Nick Punto,1429
Adam Everett,1430
Wilson Ramos,1433
Clay Bellinger,1436
Lou Collier,1438
Jeff DaVanon,1440
Mark Ellis,1443
Esteban German,1449
Todd Greene,1450
Aaron Harang,1451
Danny Klassen,1455
Matthew LeCroy,1456
Mendy Lopez,1458
Fernando Lunar,1459
Henry Mateo,1461
David McCarty,1462
Craig Monroe,1464
Pablo Ozuna,1469
Ben Petrick,1471
Jesus Sanchez,1476
Chris Snelling,1480
Tony Tarasco,1486
Andres Torres,1488
Ty Wigginton,1491
Bobby Smith,1493
Zach Day,1496
Angel Echevarria,1498
Matt Franco,1499
Keith Ginter,1500
Alexis Gomez,1501
Nick Green,1502
Aaron Guiel,1503
John Lackey,1507
Julius Matos,1509
Oliver Perez,1514
Marcus Thames,1523
Brandon Backe,1529
Howie Clark,1533
Michael Cuddyer,1534
Karim Garcia,1537
Ross Gload,1538
Chris Widger,1541
Adam Hyzdu,1543
Mike Mahoney,1544
Ruben Rivera,1550
David Ross,1551
Raul Gonzalez,1553
DeWayne Wise,1554
Marco Scutaro,1555
Wil Nieves,1556
Izzy Alcantara,1558
Matt Cepicky,1562
Jack Cust,1564
Aaron Cook,1571
Coco Crisp,1572
Travis Hafner,1573
Mark Hendrickson,1574
Kit Pellow,1576
Josh Bard,1578
Chone Figgins,1580
Greg LaRocca,1582
Shane Andrews,1588
Brian Banks,1589
Jamey Carroll,1591
Kevin Cash,1593
Ryan Christenson,1594
Humberto Cota,1595
J.J. Davis,1597
Jason Grabowski,1604
Bill Hall,1605
Omar Infante,1609
Felix Jose,1610
Kevin Orie,1616
Lyle Overbay,1617
Freddy Sanchez,1624
Salomon Torres,1628
Eric Valent,1629
David Lamb,1635
Cliff Lee,1636
Wes Obermueller,1637
Miguel Olivo,1638
Michael Ryan,1643
Ron Calloway,1649
Rocco Baldelli,1656
Xavier Nady,1658
Hideki Matsui,1659
Shane Victorino,1677
Chase Utley,1679
David Cone,1680
Tim Laker,1681
Robby Hammock,1686
Brandon Webb,1692
Claudio Vargas,1695
Jody Gerut,1696
Gerald Laird,1698
Chris Capuano,1701
Reed Johnson,1702
Dontrelle Willis,1703
Jason Ellison,1704
Steve Avery,1706
Antonio Perez,1708
Todd Wellemeyer,1709
Geremi Gonzalez,1711
Miguel Ojeda,1712
Jeff Duncan,1715
Jason Bay,1717
Ray Olmedo,1718
Tripp Cromer,1719
Bubba Crosby,1722
Lew Ford,1724
Jose Reyes,1736
Justin Morneau,1737
Jhonny Peralta,1738
Matt Kata,1741
Bo Hart,1743
Miguel Cabrera,1744
Morgan Burkhart,1745
Joe Vitiello,1748
Carlos Rivera,1749
Eric Bruntlett,1753
Dan Haren,1757
Cody Ross,1760
Curtis Pride,1762
Luis Terrero,1765
Laynce Nix,1766
Kevin Correia,1767
Matt Diaz,1771
Rene Reyes,1774
Jason Jones,1775
Robb Quinlan,1779
Ramon Nivar,1781
Chad Meyers,1787
Garrett Atkins,1790
Amaury Telemaco,1802
Todd Linden,1803
Trent Durrington,1805
Tim Raines Jr.,1807
Mike Hessman,1808
Rob Bowen,1817
Bobby Crosby,1818
Danny Garcia,1819
Pete LaForest,1821
Humberto Quintero,1824
David DeJesus,1825
Khalil Greene,1826
Koyie Hill,1829
Clint Barmes,1830
Lance Niekro,1832
Noah Lowry,1833
Luis Sojo,1834
Michel Hernandez,1835
Fernando Seguignol,1836
Matt Belisle,1837
Edwin Jackson,1841
Aaron Miles,1844
Jonny Gomes,1845
Matt Watson,1846
Rickie Weeks Jr.,1849
Mike Edwards,1850
Kaz Matsui,1854
Joe Mauer,1857
Luis Gonzalez,1860
Wilson Betemit,1861
Wilson Valdez,1863
Jose Castillo,1866
Darnell McDonald,1867
Choo Freeman,1872
Matt Holliday,1873
Hector Luna,1874
Josh Hamilton,1875
Willy Taveras,1876
Terrmel Sledge,1878
Brad Hawpe,1885
Jose Bautista,1887
Chad Tracy,1888
Chris Shelton,1891
Mike Rouse,1893
Luis Lopez,1901
Adam LaRoche,1904
Andres Blanco,1907
Adrian Gonzalez,1908
Damon Hollins,1919
Doug DeVore,1923
Scott Hairston,1926
Midre Cummings,1927
Casey Kotchman,1930
Kevin Youkilis,1935
Cory Sullivan,1940
Jason Dubois,1941
Zack Greinke,1943
Corey Hart,1945
Manny Alexander,1954
Desmond Jennings,1965
Ivan Nova,1994
Jason Wood,1999
David Newhan,2009
Robinson Cancel,2011
Andy Tracy,2024
Paul Phillips,2032
Clayton Kershaw,2036
John Buck,2041
Chip Ambres,2042
Jorge De La Rosa,2047
Jeff Baker,2073
Andy Phillips,2075
Nook Logan,2076
Tim Olson,2087
Alex Rios,2090
Bernie Castro,2096
Freddie Bynum,2099
Josh Wilson,2102
Josh Willingham,2103
Ryan Church,2106
JD Closser,2108
Ryan Doumit,2113
Ronny Paulino,2129
David Peralta,2136
Delmon Young,2140
Chris Narveson,2141
Chris Aguila,2143
Edwin Encarnacion,2151
Ryan Howard,2154
Alfredo Simon,2155
Justin Leone,2157
Greg Dobbs,2158
Terry Tiffee,2160
Jason Kubel,2161
Freddy Guzman,2162
Chris Burke,2164
Dan Johnson,2167
Hector Gimenez,2172
Brendan Harris,2178
Ronny Cedeno,2179
Gabe Gross,2184
Reggie Abercrombie,2187
Willy Aybar,2192
Dallas McPherson,2194
Grady Sizemore,2197
Ivan Ochoa,2199
Jorge Piedra,2211
Don Kelly,2216
Ryan Raburn,2218
Jason Bourgeois,2225
Ian Snell,2227
Mike Jacobs,2231
Adam Wainwright,2233
Kelly Johnson,2234
Scott Thorman,2238
Tony Pena,2240
Hector Gomez,2264
Matt Treanor,2265
Matt LaPorta,2280
Eliezer Alfonzo,2331
John Rodriguez,2338
Luis Rodriguez,2364
Bucky Jacobsen,2368
Joe Dillon,2384
Jeff Bailey,2394
Carlos Santana,2396
Brian Barton,2408
Jose Tabata,2411
Darwin Barney,2430
Nelson Cruz,2434
Maicer Izturis,2437
Jesus Feliciano,2448
Norris Hopper,2450
Pedro Alvarez,2495
Jemile Weeks,2498
Lucas Duda,2502
Hank Conger,2505
Josh Bell,2510
Lance Lynn,2520
Jorge Cantu,2521
Yonder Alonso,2530
Pete Kozma,2539
Chris Parmelee,2554
Bryan Petersen,2567
Peter Bourjos,2578
Carlos Ruiz,2579
Wandy Rodriguez,2586
Michael Taylor,2591
Jhoulys Chacin,2608
Zack Cozart,2616
Jason Repko,2628
Brandon Guyer,2636
Bobby Scales,2673
Jordan Pacheco,2677
Garrett Jones,2714
Chris Duncan,2722
Ben Johnson,2731
Pete Orr,2748
Randy Ruiz,2761
Derrick Robinson,2784
Tony Cruz,2802
Manny Pina,2829
Travis Snider,2830
Rafael Ynoa,2832
Chris Marrero,2852
Ross Detwiler,2859
Scott Sizemore,2881
Roberto Perez,2900
Jason Botts,2907
Emmanuel Burriss,2917
Angel Pagan,2918
Lou Montanez,2923
Jeff Locke,2929
Charles Thomas,2962
Edgar Gonzalez,2963
Tommy Pham,2967
Andy Green,2991
Michael Morse,3035
Mike Napoli,3057
Mitch Moreland,3086
Tommy Murphy,3105
Jose Lopez,3114
Jesus Guzman,3118
Gregor Blanco,3123
Alex Romero,3129
Wladimir Balentien,3131
Max Scherzer,3137
Robinson Chirinos,3142
Justin Huber,3147
Domonic Brown,3154
Shin-Soo Choo,3174
Dioner Navarro,3179
Luis Cruz,3188
Nate McLouth,3190
Chris Young,3196
Ervin Santana,3200
Francisco Liriano,3201
Andy Marte,3203
Luis Hernandez,3206
Julio Borbon,3209
Brayan Pena,3231
Robinzon Diaz,3248
Jeff Samardzija,3254
Franklin Gutierrez,3255
Welington Castillo,3256
Kosuke Fukudome,3263
Robinson Cano,3269
Hiroki Kuroda,3283
Anibal Sanchez,3284
Argenis Reyes,3285
Charlie Culberson,3298
Trent Oeltjen,3310
Martin Prado,3312
Alberto Callaspo,3336
Matt Garza,3340
Matt Joyce,3353
Gaby Sanchez,3361
Miguel Montero,3364
Anderson Hernandez,3366
Alejandro De Aza,3371
Clete Thomas,3373
Ubaldo Jimenez,3374
Nick Hundley,3376
Chris Getz,3388
John Mayberry,3390
Shawn Riggans,3393
Cliff Pennington,3395
Trevor Crowe,3402
Ryan Braun,3410
Drew Butera,3411
Ruben Gotay,3417
Victor Diaz,3424
Allen Craig,3433
Nolan Reimold,3441
Dan Uggla,3442
Jeff Mathis,3448
Luke Scott,3469
Steve Holm,3472
Anthony Rizzo,3473
Angel Sanchez,3492
Brent Lillibridge,3501
Eric Hosmer,3516
Troy Tulowitzki,3531
Eli Whiteside,3536
Clayton Richard,3551
Omir Santos,3583
Chris Duffy,3605
Shelley Duncan,3620
Josh Barfield,3622
Rene Rivera,3648
Brooks Conrad,3664
Andy Gonzalez,3669
Jack Hannahan,3692
Mike Rabelo,3693
Skip Schumaker,3704
Geovany Soto,3707
Rajai Davis,3708
Eric Thames,3711
Joe Mather,3714
Jose Morales,3726
Felix Pie,3751
Danny Richar,3767
David Wright,3787
Tommy Manzella,3789
Jayson Nix,3790
J.J. Hardy,3797
Ryan Theriot,3811
Gregorio Petit,3812
Mat Latos,3815
Joaquin Arias,3817
Ricky Nolasco,3830
Andrew Brown,3837
Zach Duke,3840
Jeff Keppinger,3856
Rubby de la Rosa,3862
Kelly Shoppach,3867
Chris Stewart,3878
Chris Young,3882
Josh Reddick,3892
Eugenio Velez,3893
Nick Stavinoha,3909
Mike Fontenot,3912
Joey Gathright,3913
Dayan Viciedo,3917
German Duran,3919
Andy Parrino,3972
Chris Heisey,3978
Edinson Volquez,3990
Brandon Hicks,4003
Justin Sellers,4006
Jerry Sands,4016
Yusmeiro Petit,4020
Melky Cabrera,4022
Mat Gamel,4034
Emilio Bonifacio,4054
Dexter Fowler,4062
Anthony Recker,4063
Erick Aybar,4082
Aaron Cunningham,4087
Michael Brantley,4106
Jordan Brown,4121
Carlos Villanueva,4138
Gorkys Hernandez,4146
Jake Arrieta,4153
Jesus Flores,4166
Jonathan Herrera,4182
Yunel Escobar,4191
Ryan Zimmerman,4220
Howie Kendrick,4229
Jose Lobaton,4243
Shane Robinson,4249
Stephen Drew,4251
Micah Owings,4253
Manny Parra,4279
Brett Hayes,4293
Matt Wieters,4298
Joey Votto,4314
Daniel Murphy,4316
Brad Eldred,4328
Tyler Chatwood,4338
Micah Hoffpauir,4342
Scott Van Slyke,4365
Joe Saunders,4366
Jeremy Hellickson,4371
Scott Moore,4390
Chris Denorfia,4400
Erik Kratz,4403
Paul McAnulty,4409
Jed Lowrie,4418
Jon Niese,4424
Brian Barden,4429
Ryan Shealy,4443
Steve Tolleson,4450
Mike Baxter,4464
Brandon Moss,4467
Jordan Zimmermann,4505
Jeff Salazar,4507
Mark Teahen,4511
Russ Adams,4519
Ryan Spilborghs,4521
Scott Olsen,4529
Randy Wells,4535
Jason Hammel,4538
James Loney,4556
Delwyn Young,4563
Josh Johnson,4567
Starlin Castro,4579
Mike McCoy,4583
Clay Hensley,4593
Nick Swisher,4599
Chris Snyder,4606
Jason Pridie,4611
Prince Fielder,4613
Russell Martin,4616
Josh Vitters,4623
Dave Bush,4635
Jason Bergmann,4640
Travis Buck,4646
Jeff Clement,4652
Brandon McCarthy,4662
Luke Carlin,4666
Junior Lake,4672
Tyler Greene,4675
Charlie Morton,4676
Ben Francisco,4677
Jeff Francis,4684
Fred Lewis,4693
Dan Ortmeier,4694
Donnie Murphy,4704
Kila Ka'aihue,4707
Ben Revere,4712
Brian Bogusevic,4719
Chase Headley,4720
Jacoby Ellsbury,4727
Jeremy Reed,4730
Matt Cain,4732
Kyle Phillips,4740
Brandon Fahey,4746
Curtis Granderson,4747
Matt Carson,4748
Elliot Johnson,4751
John Baker,4756
John Maine,4773
Rymer Liriano,4779
Jeff Francoeur,4792
Travis Ishikawa,4793
Rich Hill,4806
Brian McCann,4810
Joe Blanton,4849
Jarrod Dyson,4866
Logan Watkins,4875
Carlos Gomez,4881
Nyjer Morgan,4885
Chuck James,4886
Mike Moustakas,4892
Luke Hughes,4898
Robert Andino,4900
Matt Dominguez,4903
Alberto Gonzalez,4906
Ender Inciarte,4922
Jon Lester,4930
Jason Heyward,4940
Elijah Dukes,4946
Giancarlo Stanton,4949
Diory Hernandez,4950
Ryan Hanigan,4952
Asdrubal Cabrera,4962
Tony Campana,4964
Luis Valbuena,4969
Cole Hamels,4972
Stephen Vogt,5000
Caleb Gindl,5002
Melvin Upton Jr.,5015
Josh Donaldson,5038
Max Ramirez,5039
Tony Abreu,5053
Anthony Gose,5097
Jordany Valdespin,5098
Jefry Marte,5107
Jeff Larish,5128
Alexei Ramirez,5133
Chin-lung Hu,5198
Taylor Teagarden,5199
Vinny Rottino,5202
Mike Pelfrey,5203
Alex Gordon,5209
Alfredo Marte,5212
Wilkin Ramirez,5219
Wade LeBlanc,5221
Justin Upton,5222
Cameron Maybin,5223
Roger Kieschnick,5225
Jon Jay,5227
Justin Turner,5235
Brett Lawrie,5247
Alexi Casilla,5248
Robbie Grossman,5254
Sandy Leon,5273
Francisco Cervelli,5275
Tuffy Gosewisch,5277
Pedro Ciriaco,5278
Aaron Hicks,5297
Alex Presley,5305
Kristopher Negron,5306
Tyler Colvin,5310
Mauro Gomez,5342
Brandon Crawford,5343
Yangervis Solarte,5352
Freddie Freeman,5361
Juan Perez,5371
Juan Lagares,5384
Andrew Lambo,5386
Juan Graterol,5398
Jake Smolinski,5408
Pablo Sandoval,5409
Alex Liddi,5411
Jose Altuve,5417
Steve Lombardozzi,5422
Elian Herrera,5432
Daniel Nava,5450
Drew Macias,5451
Ji-Man Choi,5452
Bryan LaHair,5462
Brandon Laird,5476
Jimmy Paredes,5481
Jose Pirela,5485
Abraham Almonte,5486
Austin Romine,5491
Marwin Gonzalez,5497
George Kottaras,5506
Jesus Montero,5514
Ruben Tejada,5519
James McDonald,5523
Madison Bumgarner,5524
Jair Jurrjens,5556
Jarrod Saltalamacchia,5557
Carlos Corporan,5587
Mitch Maier,5588
Reggie Willits,5590
Matt Kemp,5631
Ryan Roberts,5653
Yamaico Navarro,5665
Devin Mesoraco,5666
Steven Souza Jr.,5667
Henderson Alvarez,5669
A.J. Ellis,5677
Junior Guerra,5702
Tim Lincecum,5705
Edwin Maysonet,5735
Hernan Perez,5751
Avisail Garcia,5760
Kenji Johjima,5811
Wilmer Flores,5827
Brett Pill,5834
Chad Billingsley,5842
Russ Mitchell,5848
Jeff Karstens,5879
John Jaso,5887
Cole Gillespie,5888
Sean Marshall,5905
Leury Garcia,5913
Daric Barton,5928
Nick Markakis,5930
Jean Segura,5933
Jesus Sucre,5942
Ian Stewart,5950
Xavier Paul,5963
Randall Delgado,5985
Mike Aviles,5986
Kevin Kouzmanoff,5995
Conor Jackson,5997
Jerry Owens,6002
Jose Constanza,6003
Didi Gregorius,6012
Cristhian Adames,6013
Josh Anderson,6032
David Murphy,6035
Matt Pagnozzi,6046
Michael Aubrey,6049
Moises Sierra,6050
Brendan Ryan,6073
Casey McGehee,6086
Aaron Hill,6104
Tony Gwynn,6141
Brian Anderson,6144
Eduardo Escobar,6153
Irving Falu,6165
Tony Sanchez,6178
J.D. Martinez,6184
Ian Kinsler,6195
Nate Schierholtz,6201
Shaun Marcum,6204
Kyle Kendrick,6230
Brian Buscher,6234
Tom Gorzelanny,6244
Trevor Cahill,6249
Tommy Field,6262
Andre Ethier,6265
Daniel Robertson,6266
Jake Fox,6267
Carlos Quentin,6274
Scott Feldman,6283
Matt Murton,6307
Alcides Escobar,6310
Ryan Garko,6319
Omar Quintanilla,6335
Luis Jimenez,6341
Ryan Sweeney,6352
Shane Costa,6358
Danny Valencia,6364
Adam Jones,6368
Michael Bourn,6387
Kirk Nieuwenhuis,6400
Brent Morel,6402
Roger Bernadina,6421
Tim Stauffer,6432
Vance Worley,6435
Lastings Milledge,6441
Andy LaRoche,6444
Jim Adduci,6448
Andy Dirks,6453
Jordy Mercer,6547
Bobby Wilson,6564
Tom Koehler,6570
Nate Freiman,6582
Sean Rodriguez,6589
Brandon Wood,6592
Kory Casto,6597
Freddy Galvis,6609
Greg Halman,6617
Chase d'Arnaud,6652
L.J. Hoes,6656
JB Shuck,6677
Josh Whitesell,6713
Zoilo Almonte,6732
Johnny Giavotella,6740
Tyler Pastornicky,6777
Josh Satin,6788
Julio Teheran,6797
Josmil Pinto,6806
Justin Maxwell,6827
Nick Buss,6835
Eduardo Nunez,6848
Derek Norris,6867
Mark Trumbo,6876
Chris Coghlan,6878
Nick Noonan,6880
Ian Desmond,6885
Martin Maldonado,6887
Johnny Cueto,6893
Chase Anderson,6895
Dave Sappelt,6898
Clint Robinson,6908
Eric Campbell,6938
Ryan Kalish,6962
Juan Francisco,6978
Ian Kennedy,6986
Brandon Jones,6987
Will Middlebrooks,7002
Yadier Molina,7007
Guillermo Rodriguez,7011
Eddy Garabito,7022
James Shields,7059
John Lannan,7080
Caleb Joseph,7087
Chris Dickerson,7095
Rene Tosoni,7099
Daniel Hudson,7146
Eric Young Jr.,7158
Juan Centeno,7168
Logan Forsythe,7185
Jeremy Hermida,7208
David Lough,7215
Matt Davidson,7226
Chris Coste,7243
Tyler Moore,7244
Collin Cowgill,7250
Joe Inglett,7254
Craig Stammen,7274
Carlos Gonzalez,7287
Jake Elmore,7290
Salvador Perez,7304
Josh Collmenter,7312
Darin Mastroianni,7316
Chris Gimenez,7324
Seth Smith,7331
J.R. Towles,7348
Michael Martinez,7358
Travis Metcalf,7364
Matt Tolbert,7365
David Adams,7389
Dillon Gee,7396
Billy Butler,7399
Xavier Scruggs,7409
J.A. Happ,7410
Paul Janish,7412
Mike Nickeas,7419
Shane Peterson,7423
Drew Sutton,7430
Ben Zobrist,7435
Brandon Allen,7436
Gio Gonzalez,7448
Trevor Plouffe,7462
Craig Tatum,7468
Alex Avila,7476
Mike Carp,7480
Blake DeWitt,7485
Josh Fields,7490
Jonathan Sanchez,7507
Jhonatan Solano,7515
Kevin Frandsen,7528
Ed Lucas,7532
Neil Walker,7539
Lonnie Chisenhall,7571
Marc Krauss,7577
Jordan Lyles,7593
Nick Evans,7595
Lou Marson,7610
Mark Reynolds,7619
Justin Ruggiano,7620
Chris Carter,7707
Juan Nicasio,7731
Wily Peralta,7738
Travis d'Arnaud,7739
Ty Kelly,7740
David Cooper,7752
Mike Fiers,7754
Fernando Perez,7755
Akinori Iwamura,7781
Juan Miranda,7783
Joey Butler,7799
Miguel Rojas,7802
Charlie Blackmon,7859
Jonathan Lucroy,7870
Tyson Ross,7872
Ryan Flaherty,7888
Eric Sogard,7927
Logan Schafer,7937
Jaff Decker,7945
Tim Beckham,7949
Guillermo Quiroz,7989
Jose Martinez,7996
Hanley Ramirez,8001
Wilin Rosario,8002
Eric Stults,8011
Brandon Boggs,8021
Jeff Fiorentino,8024
Adam Lind,8027
Rob Johnson,8029
Jason Vargas,8044
Brian Bixler,8055
Brett Carroll,8066
Matt Carpenter,8090
Jaime Garcia,8137
Eric Fryer,8145
Everth Cabrera,8155
Yovani Gallardo,8173
Chris Nelson,8175
Josh Harrison,8202
Dee Gordon,8203
Jason Bartlett,8219
Brad Davis,8250
Hunter Pence,8252
Sam Fuld,8254
Kurt Suzuki,8259
Curtis Thigpen,8260
Russ Canzler,8265
Chris Iannetta,8267
Ross Ohlendorf,8268
Matt Tuiasosopo,8272
John Bowker,8276
Justin Christian,8297
Francisco Pena,8298
Denard Span,8347
Jason Jaramillo,8358
Landon Powell,8361
Homer Bailey,8362
Dustin Pedroia,8370
Reid Brignac,8380
Pedro Florimon,8385
Daniel Descalso,8392
Ehire Adrianza,8418
Ike Davis,8433
Brett Wallace,8434
Xavier Avery,8471
Gerardo Parra,8553
Tadahito Iguchi,8581
Yuniesky Betancourt,8585
Roberto Petagine,8607
Tim Federowicz,8609
Kendrys Morales,8610
Donovan Solano,8623
Paulo Orlando,8628
Cord Phelps,8631
Paul Maholm,8678
Elvis Andrus,8709
Jason Castro,8722
Tanner Roark,8753
Carlos Peguero,8760
Wade Miley,8779
Andrew Cashner,8782
Ramiro Pena,8841
Brandon Beachy,8851
Ryan Lavarnway,8879
Oscar Robles,8975
Conor Gillaspie,9009
Gordon Beckham,9015
Ezequiel Carrera,9048
Justin Smoak,9054
Alexi Amarista,9063
Eric Patterson,9072
Lorenzo Cain,9077
Khris Davis,9112
Tommy Hanson,9129
Nathan Eovaldi,9132
Tyler Flowers,9134
Taylor Green,9147
Buster Posey,9166
Jordan Danks,9187
Logan Morrison,9205
Fernando Martinez,9210
Paul Goldschmidt,9218
Danny Espinosa,9219
Starling Marte,9241
Keon Broxton,9253
A.J. Pollock,9256
Chris Davis,9272
Chris Herrmann,9284
Josh Phegley,9308
Ryan Wheeler,9312
Patrick Corbin,9323
Drew Stubbs,9328
Jason Donald,9331
Brock Holt,9345
Adam Moore,9362
Evan Longoria,9368
Matt McBride,9373
Matt Adams,9393
Jeremy Hazelbaker,9399
Quintin Berry,9414
Kris Medlen,9417
Doug Fister,9425
Jake Goebbert,9431
Dustin Garneau,9433
Dan Straily,9460
Bud Norris,9492
Steve Clevenger,9542
David Freese,9549
Craig Gentry,9571
Yan Gomes,9627
Michael McKenry,9628
Shawn O'Malley,9629
Brett Jackson,9632
Adam Rosales,9682
Josh Thole,9689
Rusty Ryal,9698
Casper Wells,9700
Ben Paulsen,9741
Justin Bour,9744
James Jones,9767
Christian Vazquez,9774
Jason Kipnis,9776
Nolan Arenado,9777
Kyle Seager,9785
Will Rhymes,9802
Ryan Goins,9807
Brian Dozier,9810
Andrew McCutchen,9847
Austin Jackson,9848
Sean Halton,9853
Efren Navarro,9854
Brandon Snyder,9856
DJ LeMahieu,9874
Trayvon Robinson,9875
Jordan Schafer,9883
Travis Wood,9884
Ivan De Jesus,9886
Jay Bruce,9892
Colby Rasmus,9893
Chris Rusin,9895
Chris Volstad,9901
Chris Carter,9911
Brett Gardner,9927
Darin Ruf,9929
Trayce Thompson,9952
Ryan Schimpf,9953
Darrell Ceciliani,9954
Steve Pearce,9957
Jeff Bianchi,9958
Michael Saunders,9981
Mike Minor,10021
Christian Bethancourt,10028
Chris Owings,10030
Wil Myers,10047
Grant Green,10053
Max Stassi,10059
Tomas Telis,10067
Jonathan Villar,10071
Dustin Ackley,10099
Mike Leake,10130
Stephen Strasburg,10131
Donald Lutz,10154
Mike Trout,10155
Nick Franklin,10166
Shelby Miller,10197
Billy Hamilton,10199
Tucker Barnhart,10200
Jose Iglesias,10231
Randal Grichuk,10243
Brandon Belt,10264
Francisco Arcia,10286
Hector Sanchez,10289
Adrian Nieto,10294
Eury Perez,10299
Oswaldo Arcia,10306
Zack Wheeler,10310
Danny Santana,10322
Rafael Ortega,10323
Marcell Ozuna,10324
Ramon Cabrera,10327
Rey Fuentes,10329
Scooter Gennett,10339
John Ryan Murphy,10346
Domingo Santana,10348
Tommy Joseph,10349
Jon Singleton,10441
Adeiny Hechavarria,10459
Enrique Hernandez,10472
Cheslor Cuthbert,10473
Derek Dietrich,10542
Jimmy Nelson,10547
Cesar Hernandez,10556
Chad Bettis,10587
Joey Terdoslavich,10593
David Freitas,10619
Zach Walters,10622
Carlos Perez,10642
Rob Brantly,10655
Giovanny Urshela,10681
Mike Olt,10698
Ryan LaMarre,10700
Arismendy Alcantara,10711
Corey Dickerson,10762
Lane Adams,10767
Tyler Saladino,10807
Mike Foltynewicz,10811
Jurickson Profar,10815
Jedd Gyorko,10816
Todd Cunningham,10822
Andrelton Simmons,10847
Jared Hoying,10882
Adam Duvall,10950
Greg Garcia,10951
Phil Gosselin,10953
Jacob deGrom,10954
Evan Gattis,11003
Kevin Kiermaier,11038
Christian Colon,11145
Cameron Rupp,11146
Tommy Medica,11147
Ramon Flores,11165
Josh Rutledge,11167
Oscar Taveras,11173
Vince Velasquez,11189
Brett Nicholas,11192
Kole Calhoun,11200
Adam Eaton,11205
Jabari Blash,11247
Matt Szczur,11255
Jonathan Schoop,11265
Aaron Altherr,11270
Whit Merrifield,11281
Bryan Holaday,11287
Adrian Sanchez,11338
Jake Marisnick,11339
Jesus Aguilar,11342
Yasmani Grandal,11368
Brett Eibner,11369
Michael Choice,11376
Delino DeShields,11379
Matt den Dekker,11385
Tyler Holt,11391
Ronald Torreyes,11400
Jose Quintana,11423
Gary Sanchez,11442
Mark Canha,11445
Rob Segedin,11446
Tony Wolters,11470
Dixon Machado,11472
Odubel Herrera,11476
Christian Yelich,11477
Robbie Ray,11486
Michael A. Taylor,11489
Manny Machado,11493
Kaleb Cowart,11494
Jose Fernandez,11530
Tsuyoshi Nishioka,11531
Bryce Harper,11579
Jose Urena,11589
Yolmer Sanchez,11602
Willson Contreras,11609
Rosell Herrera,11611
Brandon Drury,11615
Jarrett Parker,11624
Jameson Taillon,11674
Elias Diaz,11680
Carlos Martinez,11682
Matt Harvey,11713
Nicholas Castellanos,11737
Christian Villanueva,11738
J.T. Realmuto,11739
Stefen Romero,11746
Drew Robinson,11761
Noah Syndergaard,11762
Kyle Parker,11763
Jason Rogers,11773
Leonys Martin,11846
Tyler Austin,11850
Steven Moya,11854
Mason Williams,11859
Yadiel Rivera,11863
Ronny Rodriguez,11875
Noel Cuevas,11894
Joc Pederson,11899
Hanser Alberto,11902
Joe Panik,11936
Travis Shaw,11982
Cody Asche,11997
Nick Martini,12005
Kyle Hendricks,12049
Niko Goodrum,12092
Kennys Vargas,12101
Max Kepler,12144
Nick Ahmed,12147
Eddie Rosario,12155
Austin Barnes,12158
Ben Gamel,12160
Xander Bogaerts,12161
Miguel Sano,12164
Jorge Bonifacio,12174
Maikel Franco,12179
Jorge Alfaro,12180
Scott Schebler,12225
Rougned Odor,12282
Kevan Smith,12284
Cory Spangenberg,12294
Jace Peterson,12325
Tommy La Stella,12371
Taylor Motter,12399
Ryan Rua,12409
Kevin Pillar,12434
T.J. Rivera,12495
Jett Bandy,12508
Curt Casali,12510
Kolten Wong,12532
Marcus Semien,12533
C.J. Cron,12546
John Hicks,12547
Eugenio Suarez,12552
Trevor Story,12564
Taylor Featherston,12590
Raffy Lopez,12606
Alex Dickerson,12649
Jerad Eickhoff,12664
Billy Burns,12701
Tyler Collins,12723
Brad Miller,12775
Dalton Pompey,12797
Matt Wisler,12804
George Springer,12856
Brian Goodwin,12858
James McCann,12859
Anthony Rendon,12861
Tyler Anderson,12880
Gregory Polanco,12907
Francisco Lindor,12916
Alen Hanson,12926
Brandon Nimmo,12927
Jose Osuna,12937
Socrates Brito,12944
Willy Garcia,12956
Joe Ross,12972
Austin Hedges,12976
Javier Baez,12979
Charlie Tilson,12983
Jackie Bradley Jr.,12984
Kelby Tomlinson,13005
Munenori Kawasaki,13047
Anthony DeSclafani,13050
Chris Colabello,13051
Teoscar Hernandez,13066
Wei-Yin Chen,13071
Nori Aoki,13075
Yoenis Cespedes,13110
Gerrit Cole,13125
Mikie Mahtook,13130
Andrew Susac,13132
Josh Bell,13145
Jose Briceno,13151
Jorge Polanco,13152
Luis Sardinas,13153
Marco Hernandez,13154
Nicky Delmonico,13157
Blake Swihart,13176
Tyler Goeddel,13180
Zach Davies,13183
Orlando Arcia,13185
Mike Zunino,13265
Richie Shaffer,13271
Joey Rickard,13277
Darnell Sweeney,13284
Peter O'Brien,13288
Spencer Kieboom,13300
Max Muncy,13301
Deven Marrero,13325
Jake Lamb,13329
Omar Narvaez,13338
Luke Maile,13355
Tyler Naquin,13359
Steven Matz,13361
Stephen Piscotty,13367
Erik Gonzalez,13369
Andrew Toles,13414
Dwight Smith Jr.,13473
Tom Murphy,13499
Jose Ramirez,13510
Roman Quinn,13546
Jesse Winker,13590
Jose Peraza,13593
Mallex Smith,13608
Mookie Betts,13611
Ketel Marte,13613
Carson Kelly,13620
Jeimer Candelario,13621
Corey Seager,13624
Preston Tucker,13633
David Dahl,13744
Tomas Nido,13755
Chris Taylor,13757
Travis Jankowski,13768
Adalberto Mondesi,13769
Rob Refsnyder,13770
Adonis Garcia,13777
Alex Wood,13781
Matt Reynolds,13788
Kevin Plawecki,13807
Micah Johnson,13809
Matt Duffy,13836
Joey Wendle,13853
Devon Travis,13862
Bruce Maxwell,13866
Trevor Brown,13895
Patrick Kivlehan,13910
Michael Wacha,14078
Rio Ruiz,14103
Addison Russell,14106
Albert Almora Jr.,14109
Ramon Torres,14113
Joey Gallo,14128
Daniel Vogelbach,14130
Greg Bird,14131
Jose Rondon,14140
Daniel Robertson,14145
Mac Williamson,14158
Byron Buxton,14161
Carlos Correa,14162
Jorge Soler,14221
Yasiel Puig,14225
Mitch Haniger,14274
Wilmer Difo,14320
Nick Williams,14330
Dilson Herrera,14335
Matt Olson,14344
Raimel Tapia,14350
Lewis Brinson,14352
Ronald Guzman,14388
Hyun-Jin Ryu,14444
Adam Conley,14457
Jake Cave,14477
Renato Nunez,14503
Pedro Severino,14523
Anthony Santander,14551
Nomar Mazara,14553
Max Moroff,14556
Carlos Tocci,14558
Franmil Reyes,14566
Franchy Cordero,14567
David Bote,14593
Tzu-Wei Lin,14678
Luis Perdomo,14682
Manuel Margot,14712
Dawel Lugo,14713
Brett Phillips,14735
Phillip Ervin,14738
Luke Voit,14811
JaCoby Jones,14818
Zack Godley,14862
Pat Valaika,14885
Tony Kemp,14894
Daniel Palka,14897
Jon Gray,14916
Jaycob Brugman,14936
Andrew Knapp,14942
Johan Camargo,14950
Victor Caratini,14968
Chad Kuhl,14975
German Marquez,15038
Johnny Field,15048
Adam Engel,15082
Boog Powell,15103
Ryan McMahon,15112
Hunter Dozier,15117
Trey Mancini,15149
Mitch Garver,15161
Tim Anderson,15172
Chad Pinder,15191
Jake Bauers,15194
Carlos Asuaje,15197
Brandon Dixon,15214
Adam Frazier,15223
Austin Wynns,15271
Zack Granite,15343
Jeff McNeil,15362
Kris Bryant,15429
Ryon Healy,15447
Daniel Castro,15450
Hunter Renfroe,15464
Victor Reyes,15487
J.P. Crawford,15491
Amed Rosario,15518
Franklin Barreto,15519
Tyler White,15564
Aaron Judge,15640
Dominic Smith,15653
Billy McKinney,15654
Alex Guerrero,15670
Austin Meadows,15672
Jose Abreu,15676
Chance Sisco,15694
Tyler O'Neill,15711
Allen Cordoba,15722
Tyler Wade,15730
Miguel Andujar,15878
Luis Torrens,15905
Aledmys Diaz,15937
Ryder Jones,15982
Clint Frazier,15983
Willy Adames,15986
Cody Bellinger,15998
Aaron Nola,16149
Austin Slater,16153
Derek Fisher,16192
J.D. Davis,16219
Bradley Zimmer,16221
A.J. Reed,16246
Trea Turner,16252
Kyle Freeland,16256
Sam Travis,16263
Alex Blandino,16271
Yairo Munoz,16313
Michael Conforto,16376
Richard Urena,16411
Jordan Luplow,16424
Christian Arroyo,16434
Ryan O'Hearn,16442
Rhys Hoskins,16472
Kyle Schwarber,16478
Matt Chapman,16505
Isiah Kiner-Falefa,16512
Ozzie Albies,16556
Yandy Diaz,16578
Greg Allen,16623
Colin Moran,16909
Trevor Williams,16977
Gleyber Torres,16997
Rusney Castillo,17016
Magneuris Sierra,17023
Alex Verdugo,17027
Grayson Greiner,17062
Dustin Fowler,17098
Ramon Laureano,17128
Yasmany Tomas,17171
Jung Ho Kang,17182
Yoan Moncada,17232
Rafael Devers,17350
Hector Olivera,17528
Taylor Ward,17548
J.T. Riddle,17642
Alex Bregman,17678
Steven Duggar,17719
Willie Calhoun,17838
Andrew Benintendi,17901
Ian Happ,17919
Cedric Mullins II,17929
Andrew Stevenson,17932
Scott Kingery,17975
David Fletcher,17992
Paul DeJong,18015
Harrison Bader,18030
Austin Dean,18288
Brian Anderson,18289
Dansby Swanson,18314
Ronald Acuna Jr.,18401
Byung-ho Park,18497
Kenta Maeda,18498
Hyun Soo Kim,18718
Guillermo Heredia,18721
Dae-Ho Lee,18722
Brandon Lowe,18882
Yuli Gurriel,19198
Lourdes Gurriel Jr.,19238
Jose Fernandez,19254
Shohei Ohtani,19755
Juan Soto,20123
Hank Aaron,1000001
Tommie Aaron,1000002
Jeff Abbott,1000011
Kurt Abbott,1000013
Shawn Abner,1000024
Glenn Adams,1000052
Mike Adams,1000059
Ricky Adams,1000062
Jim Adduci,1000069
Tommie Agee,1000080
Luis Aguayo,1000085
Rick Aguilera,1000086
Willie Aikens,1000090
Danny Ainge,1000091
Luis Alcaraz,1000111
Mike Aldrete,1000114
Doyle Alexander,1000122
Gary Alexander,1000123
Matt Alexander,1000126
Andy Allanson,1000130
Bernie Allen,1000132
Dick Allen,1000137
Gary Allenson,1000141
Hank Allen,1000143
Jamie Allen,1000147
Jermaine Allensworth,1000148
Neil Allen,1000154
Gene Alley,1000160
Beau Allred,1000171
Bill Almon,1000174
Sandy Alomar,1000176
Felipe Alou,1000177
Jesus Alou,1000178
Matty Alou,1000179
Dell Alston,1000181
Gabe Alvarez,1000194
Luis Alvarado,1000196
Max Alvis,1000201
Brant Alyea,1000203
Rich Amaral,1000205
Ruben Amaro,1000207
Dave Anderson,1000223
Dwain Anderson,1000224
Jim Anderson,1000231
Kent Anderson,1000234
Mike Anderson,1000237
Mike Andrews,1000258
Rob Andrews,1000260
Joaquin Andujar,1000266
Eric Anthony,1000273
Luis Aparicio,1000278
Jose Arcia,1000293
George Arias,1000299
Steve Arlin,1000303
Tony Armas,1000305
Ed Armbrister,1000307
Jack Armstrong,1000313
Chris Arnold,1000318
Alan Ashby,1000336
Tucker Ashford,1000337
Billy Ashley,1000339
Bob Aspromonte,1000341
Brian Asselstine,1000343
Rich Aude,1000361
Rick Auerbach,1000362
Doug Ault,1000368
Ramon Aviles,1000381
Benny Ayala,1000383
Joe Azcue,1000391
Oscar Azocar,1000392
Shooty Babitt,1000398
Wally Backman,1000400
Jose Baez,1000409
Kevin Baez,1000410
Stan Bahnsen,1000414
Bob Bailey,1000420
Mark Bailey,1000428
Roger Bailey,1000429
Bob Bailor,1000433
Harold Baines,1000434
Chuck Baker,1000446
Doug Baker,1000449
Dusty Baker,1000450
Frank Baker,1000454
Frank Baker,1000455
John Balaz,1000472
Steve Balboni,1000473
Billy Baldwin,1000476
Chris Bando,1000504
Sal Bando,1000505
Ernie Banks,1000512
Alan Bannister,1000515
Bret Barberie,1000524
Jesse Barfield,1000537
Glen Barker,1000545
Brian Barnes,1000560
Skeeter Barnes,1000575
Marty Barrett,1000599
Tom Barrett,1000602
Jim Barr,1000606
Tony Barron,1000611
Jeff Barry,1000617
Kimera Bartee,1000622
Bob Barton,1000630
Kevin Bass,1000645
Randy Bass,1000648
John Bateman,1000653
Jason Bates,1000660
Bill Bathe,1000664
Kim Batiste,1000666
Allen Battle,1000673
Justin Baughman,1000682
Don Baylor,1000700
Bob Beall,1000703
Trey Beamon,1000711
Bill Bean,1000713
Billy Beane,1000714
Jim Beauchamp,1000732
Glenn Beckert,1000743
Rich Becker,1000749
Steve Bedrosian,1000766
Mark Belanger,1000786
Tim Belcher,1000789
Buddy Bell,1000799
Derek Bell,1000801
Albert Belle,1000802
George Bell,1000808
Rafael Belliard,1000811
Juan Bell,1000813
Kevin Bell,1000814
Rob Belloir,1000819
Esteban Beltre,1000823
Freddie Benavides,1000825
Johnny Bench,1000826
Bruce Benedict,1000829
Juan Beniquez,1000833
Yamil Benitez,1000834
Butch Benton,1000854
Todd Benzinger,1000859
Bruce Berenyi,1000864
Dave Bergman,1000879
Sean Bergman,1000881
Tony Bernazard,1000889
Juan Bernhardt,1000892
Dale Berra,1000896
Geronimo Berroa,1000900
Damon Berryhill,1000904
Ken Berry,1000908
Sean Berry,1000910
Kurt Bevacqua,1000935
Buddy Biancalana,1000942
Jim Bibby,1000945
Dante Bichette,1000946
Mike Bielecki,1000951
Larry Biittner,1000962
Dann Bilardello,1000963
Dick Billings,1000968
Jack Billingham,1000970
Bud Black,1001007
Tim Blackwell,1001022
Rick Bladt,1001024
Dennis Blair,1001029
Paul Blair,1001031
Willie Blair,1001033
Ossie Blanco,1001044
Larvell Blanks,1001051
Lance Blankenship,1001052
Steve Blass,1001058
Jeff Blauser,1001062
Curt Blefary,1001068
Terry Blocker,1001079
Ron Blomberg,1001081
Mike Blowers,1001088
Vida Blue,1001094
Bert Blyleven,1001098
John Boccabella,1001104
Bruce Bochte,1001106
Bruce Bochy,1001108
Tim Bogar,1001120
Tommy Boggs,1001123
Wade Boggs,1001124
Brian Bohanon,1001126
Bruce Boisclair,1001131
Frank Bolick,1001145
Bobby Bonds,1001157
Bill Bonham,1001165
Bobby Bonilla,1001168
Juan Bonilla,1001169
Barry Bonnell,1001171
Bobby Bonner,1001173
Rod Booker,1001180
Bob Boone,1001183
Pedro Borbon,1001195
Glenn Borgmann,1001201
Rick Bosetti,1001211
Shawn Boskie,1001213
Thad Bosley,1001214
Dick Bosman,1001215
Daryl Boston,1001219
Lyman Bostock,1001220
Ken Boswell,1001223
Kent Bottenfield,1001226
Rafael Bournigal,1001239
Pat Bourque,1001240
Larry Bowa,1001243
Ryan Bowen,1001248
Steve Bowling,1001261
Oil Can Boyd,1001279
Clete Boyer,1001282
Buddy Bradford,1001299
Mark Bradley,1001312
Phil Bradley,1001313
Scott Bradley,1001315
Tom Bradley,1001316
Glenn Braggs,1001333
Ron Brand,1001351
Jeff Branson,1001355
Mickey Brantley,1001360
Steve Braun,1001366
Angel Bravo,1001367
Sid Bream,1001373
Jim Breazeale,1001374
Brent Brede,1001377
Hal Breeden,1001379
Fred Breining,1001381
Bob Brenly,1001386
George Brett,1001400
Ken Brett,1001402
Rod Brewer,1001408
Dan Briggs,1001426
Johnny Briggs,1001429
Greg Briley,1001431
Nelson Briles,1001432
Chuck Brinkman,1001437
Ed Brinkman,1001438
Tilson Brito,1001446
Pete Broberg,1001454
Greg Brock,1001455
Lou Brock,1001458
Rico Brogna,1001464
Jack Brohamer,1001465
Hubie Brooks,1001472
Tom Brookens,1001476
Scott Brosius,1001477
Mark Brouhard,1001484
Bob Brower,1001488
Bobby Brown,1001497
Brant Brown,1001498
Byron Browne,1001500
Chris Brown,1001503
Darrell Brown,1001508
Gates Brown,1001518
Ike Brown,1001521
Jarvis Brown,1001524
Jerry Browne,1001525
Larry Brown,1001536
Mike Brown,1001546
Ollie Brown,1001551
Oscar Brown,1001552
Tom Browning,1001566
J.T. Bruett,1001579
Jacob Brumfield,1001583
Mike Brumley,1001586
Glenn Brummer,1001587
Tom Brunansky,1001589
Derek Bryant,1001604
Ralph Bryant,1001607
Ron Bryant,1001608
Steve Brye,1001610
Bill Buckner,1001625
Steve Buechele,1001630
Damon Buford,1001635
Don Buford,1001636
Jay Buhner,1001638
Scott Bullett,1001644
Bud Bulling,1001645
Jim Bullinger,1001646
Eric Bullock,1001647
Al Bumbry,1001649
Jim Bunning,1001653
Bob Burda,1001660
Glenn Burke,1001680
Rick Burleson,1001696
Ray Burris,1001729
Jeff Burroughs,1001731
Mike Busch,1001748
Randy Bush,1001756
Ray Busse,1001760
Sal Butera,1001765
Brett Butler,1001772
Rich Butler,1001782
Rob Butler,1001783
Marty Bystrom,1001802
Enos Cabell,1001804
Francisco Cabrera,1001807
Edgar Caceres,1001809
Wayne Cage,1001817
Les Cain,1001821
Ivan Calderon,1001825
Mike Caldwell,1001830
Johnny Callison,1001851
Lou Camilli,1001862
Ken Caminiti,1001863
Bert Campaneris,1001868
Dave Campbell,1001876
Rick Camp,1001901
Sil Campusano,1001902
Casey Candaele,1001908
John Candelaria,1001909
Tom Candiotti,1001911
John Cangelosi,1001913
Chris Cannizzaro,1001915
Joe Cannon,1001916
Jose Canseco,1001918
Buzz Capra,1001928
Ramon Caraballo,1001932
Bernie Carbo,1001935
Jose Cardenal,1001937
Leo Cardenas,1001938
Rod Carew,1001942
Steve Carlton,1001964
Don Carman,1001967
Chuck Carr,1001986
Mark Carreon,1001989
Don Carrithers,1001992
Matias Carrillo,1001993
Clay Carroll,1001997
Gary Carter,1002015
Joe Carter,1002018
Rico Carty,1002025
Paul Casanova,1002030
Dave Cash,1002041
Norm Cash,1002043
Ron Cash,1002044
Pedro Castellano,1002056
Braulio Castillo,1002058
Carmen Castillo,1002059
John Castino,1002062
Juan Castillo,1002063
Manny Castillo,1002065
Marty Castillo,1002066
Danny Cater,1002079
Andujar Cedeno,1002099
Cesar Cedeno,1002100
Domingo Cedeno,1002101
Orlando Cepeda,1002103
Rick Cerone,1002105
Ron Cey,1002108
Dave Chalk,1002114
Al Chambers,1002116
Chris Chambliss,1002119
Wes Chamberlain,1002126
Mike Champion,1002128
Darrel Chaney,1002134
Kelvin Chapman,1002150
Harry Chappas,1002154
Joe Charboneau,1002156
Norm Charlton,1002160
Rich Chiles,1002192
John Christensen,1002214
Larry Christenson,1002215
Archi Cianfrocco,1002231
Chris Clapinski,1002257
Bobby Clark,1002269
Dave Clark,1002277
Horace Clarke,1002287
Jack Clark,1002288
Jerald Clark,1002289
Mark Clark,1002296
Phil Clark,1002303
Will Clark,1002318
Edgard Clemente,1002337
Roberto Clemente,1002340
Donn Clendenon,1002345
Reggie Cleveland,1002347
Gene Clines,1002353
Ty Cline,1002355
Danny Clyburn,1002366
Dave Cochrane,1002381
Rich Coggins,1002397
Craig Colbert,1002405
Mike Colbern,1002406
Nate Colbert,1002407
Alex Cole,1002411
Joe Coleman,1002428
Vince Coleman,1002433
Darnell Coles,1002436
Dave Collins,1002449
Bob Coluccio,1002476
Pat Combs,1002480
Wayne Comer,1002483
Mike Compton,1002489
Dave Concepcion,1002494
Onix Concepcion,1002495
Billy Conigliaro,1002501
Tony Conigliaro,1002502
Fritzie Connally,1002512
Steve Cooke,1002570
Scott Coolbaugh,1002578
Cecil Cooper,1002592
Scott Cooper,1002600
Trace Coquillette,1002606
Joey Cora,1002607
Tim Corcoran,1002621
Francisco Cordova,1002623
Mike Corkins,1002630
Pat Corrales,1002636
Rod Correia,1002638
Vic Correll,1002639
Tim Costo,1002655
Henry Cotto,1002664
Billy Cowan,1002688
Al Cowens,1002689
Casey Cox,1002694
Danny Cox,1002695
Jeff Cox,1002702
Jim Cox,1002703
Larry Cox,1002704
Ted Cox,1002708
Rod Craig,1002724
Willie Crawford,1002750
Felipe Crespo,1002763
Warren Cromartie,1002786
D.T. Cromer,1002787
Ed Crosby,1002799
Terry Crowley,1002829
Fausto Cruz,1002838
Hector Cruz,1002839
Henry Cruz,1002840
Jose Cruz,1002841
Julio Cruz,1002842
Todd Cruz,1002844
Mike Cubbage,1002846
Mike Cuellar,1002853
Tim Cullen,1002862
Ray Culp,1002869
Chad Curtis,1002898
John Curtis,1002905
Milt Cuyler,1002915
John D'Acquisto,1002919
Paul Dade,1002920
Bruce Dal Canton,1002936
Mark Dalesandro,1002940
Clay Dalrymple,1002950
Kal Daniels,1002973
Ron Darling,1002989
Mike Darr,1002993
Bobby Darwin,1002995
Danny Darwin,1002996
Doug Dascenzo,1002998
Rich Dauer,1003006
Jack Daugherty,1003009
Darren Daulton,1003010
Vic Davalillo,1003012
Jerry Davanon,1003014
Mark Davidson,1003028
Alvin Davis,1003033
Bob Davis,1003036
Brock Davis,1003038
Butch Davis,1003040
Chili Davis,1003041
Dick Davis,1003046
Eric Davis,1003048
Glenn Davis,1003052
Jody Davis,1003060
Mark Davis,1003067
Mike Davis,1003070
Russ Davis,1003076
Tommy Davis,1003084
Willie Davis,1003088
Andre Dawson,1003091
Boots Day,1003095
Brian Dayett,1003096
Tommy Dean,1003111
Doug DeCinces,1003123
Steve Decker,1003129
Rob Deer,1003137
Ivan DeJesus,1003150
Jose DeJesus,1003151
Jose DeLeon,1003168
Luis de los Santos,1003180
Larry Demery,1003192
Rick Dempsey,1003203
John Denny,1003210
Bucky Dent,1003212
Bob Dernier,1003220
Jim Deshaies,1003228
Orestes Destrade,1003233
Mike Devereaux,1003242
Alex Diaz,1003260
Bo Diaz,1003261
Edgar Diaz,1003264
Mario Diaz,1003267
Mike Diaz,1003268
Bob Didier,1003284
Larry Dierker,1003288
Dick Dietz,1003290
Steve Dillard,1003300
Miguel Dilone,1003309
Gary DiSarcina,1003322
Benny Distefano,1003326
Chuck Dobson,1003343
Pat Dobson,1003345
Pat Dodson,1003353
John Doherty,1003357
John Donaldson,1003378
Tom Donohue,1003391
Bill Doran,1003406
Brian Dorsett,1003416
David Doster,1003423
Al Downing,1003450
Brian Downing,1003451
Kelly Downs,1003453
Brian Doyle,1003456
Denny Doyle,1003460
Doug Drabek,1003473
Dick Drago,1003475
Dave Dravecky,1003486
Dan Driessen,1003501
Keith Drumright,1003515
Rob Ducey,1003520
Frank Duffy,1003532
Tom Dunbar,1003551
Dave Duncan,1003552
Mariano Duncan,1003554
Taylor Duncan,1003556
Mike Dunne,1003570
Steve Dunning,1003572
Ron Dunn,1003576
Todd Dunn,1003579
Leon Durham,1003592
Jim Dwyer,1003608
Jerry Dybzinski,1003610
Duffy Dyer,1003613
Lenny Dykstra,1003619
Mike Easler,1003635
Dennis Eckersley,1003660
Dave Edler,1003675
Dave Edwards,1003684
Johnny Edwards,1003689
Marshall Edwards,1003690
Mike Edwards,1003691
Tom Egan,1003702
Juan Eichelberger,1003711
Jim Eisenreich,1003719
Randy Elliott,1003743
Dock Ellis,1003747
John Ellis,1003750
Rob Ellis,1003751
Kevin Elster,1003758
Angelo Encarnacion,1003773
Dave Engle,1003781
Jim Eppard,1003796
Mike Epstein,1003800
Nick Esasky,1003818
Alvaro Espinoza,1003828
Nino Espinosa,1003830
Cecil Espy,1003832
Jim Essian,1003835
Andy Etchebarren,1003845
Tony Eusebio,1003854
Barry Evans,1003859
Darrell Evans,1003864
Dwight Evans,1003865
Tom Evans,1003871
Sam Ewing,1003884
Lenny Faedo,1003892
Bill Fahey,1003897
Jim Fairey,1003905
Ron Fairly,1003907
Pete Falcone,1003910
Rikkert Faneyte,1003920
Carmen Fanzone,1003928
Paul Faries,1003929
Monty Fariss,1003930
Mike Felder,1003970
Junior Felix,1003974
John Felske,1003978
Joe Ferguson,1003990
Felix Fermin,1003991
Alex Fernandez,1003993
Frank Fernandez,1003997
Osvaldo Fernandez,1004000
Sid Fernandez,1004001
Tony Fernandez,1004002
Al Ferrara,1004003
Mike Ferraro,1004006
Sergio Ferrer,1004008
Bruce Fields,1004025
Cecil Fielder,1004026
Jesus Figueroa,1004038
Jack Fimple,1004047
Rollie Fingers,1004051
Mike Fiore,1004062
Mike Fischlin,1004070
Brian Fisher,1004077
Carlton Fisk,1004101
Mike Fitzgerald,1004114
Al Fitzmorris,1004119
Tim Flannery,1004138
Scott Fletcher,1004155
Gil Flores,1004169
Bobby Floyd,1004177
Doug Flynn,1004182
Marv Foley,1004197
Tom Foley,1004200
Tim Foli,1004202
Chad Fonville,1004208
Barry Foote,1004210
Curt Ford,1004215
Dan Ford,1004216
Ted Ford,1004224
Bob Forsch,1004233
Ken Forsch,1004234
Ray Fosse,1004243
Alan Foster,1004246
George Foster,1004250
Kevin Foster,1004251
Leo Foster,1004254
Roy Foster,1004257
Eric Fox,1004276
Joe Foy,1004286
Terry Francona,1004292
Tito Francona,1004293
Lou Frazier,1004310
Roger Freed,1004314
Bill Freehan,1004315
Marvin Freeman,1004326
Jim Fregosi,1004330
Dave Freisleben,1004333
Jim French,1004337
Hanley Frias,1004345
Pepe Frias,1004346
Doug Frobel,1004371
Jeff Frye,1004378
Woodie Fryman,1004381
Tito Fuentes,1004385
Jim Fuller,1004394
Gary Gaetti,1004422
Phil Gagliano,1004425
Greg Gagne,1004427
Ty Gainey,1004436
Al Gallagher,1004445
Bob Gallagher,1004447
Dave Gallagher,1004448
Mike Gallego,1004458
Oscar Gamble,1004473
Jim Gantner,1004483
Barbaro Garbey,1004491
Gene Garber,1004493
Carlos Garcia,1004496
Damaso Garcia,1004498
Freddy Garcia,1004500
Kiko Garcia,1004502
Pedro Garcia,1004508
Ron Gardenhire,1004514
Art Gardner,1004518
Jeff Gardner,1004526
Mark Gardner,1004529
Phil Garner,1004541
Adrian Garrett,1004543
Scott Garrelts,1004546
Wayne Garrett,1004547
Gil Garrido,1004551
Ralph Garr,1004554
Steve Garvey,1004557
Cito Gaston,1004566
Brent Gates,1004570
Mike Gates,1004572
Rich Gedman,1004592
Gary Gentry,1004614
Bob Geren,1004628
Ken Gerhart,1004630
Cesar Geronimo,1004639
Jake Gibbs,1004660
Bob Gibson,1004662
Kirk Gibson,1004669
Russ Gibson,1004673
Rod Gilbreath,1004700
Brian Giles,1004702
Gus Gil,1004703
Bernard Gilkey,1004706
Ed Giovanola,1004745
Dan Gladden,1004750
Jerry Goff,1004800
Chuck Goggin,1004801
Dave Goltz,1004818
Leo Gomez,1004822
Luis Gomez,1004823
Denny Gonzalez,1004830
Fernando Gonzalez,1004832
Jose Gonzalez,1004836
Julio Gonzalez,1004838
Orlando Gonzalez,1004842
Rene Gonzales,1004844
Tony Gonzalez,1004845
Dwight Gooden,1004852
Ed Goodson,1004860
Curtis Goodwin,1004863
Danny Goodwin,1004864
Bob Gorinski,1004880
Jim Gosger,1004892
Billy Grabarkewitz,1004907
Dan Graham,1004928
Mark Grant,1004951
Gary Gray,1004970
Lorenzo Gray,1004974
Craig Grebeck,1004982
David Green,1004990
Dick Green,1004991
Gary Green,1004994
Mike Greenwell,1005006
Scarborough Green,1005011
Tommy Greene,1005013
Tyler Green,1005014
Willie Greene,1005015
Tommy Gregg,1005021
Bill Greif,1005027
Bobby Grich,1005033
Tom Grieve,1005035
Alfredo Griffin,1005036
Doug Griffin,1005040
Ken Griffey,1005044
Tom Griffin,1005054
Ross Grimsley,1005071
Greg Gross,1005086
Kevin Gross,1005088
Wayne Gross,1005091
Jerry Grote,1005092
Jeff Grotewold,1005093
Johnny Grubb,1005103
Kelly Gruber,1005107
Juan Guerrero,1005117
Mario Guerrero,1005118
Pedro Guerrero,1005120
Ozzie Guillen,1005125
Brad Gulden,1005133
Don Gullett,1005134
Bill Gullickson,1005136
Glenn Gulliver,1005137
Cesar Gutierrez,1005155
Jackie Gutierrez,1005156
Doug Gwosdz,1005164
Chris Gwynn,1005165
Tony Gwynn,1005166
Joe Hague,1005200
Don Hahn,1005202
Jerry Hairston,1005210
Chip Hale,1005220
John Hale,1005223
Ed Halicki,1005228
Albert Hall,1005232
Tom Haller,1005244
Mel Hall,1005259
Tom Hall,1005262
Bob Hamelin,1005269
Darryl Hamilton,1005272
Jeff Hamilton,1005275
Atlee Hammaker,1005281
Steve Hammond,1005283
Ike Hampton,1005288
Garry Hancock,1005294
Rich Hand,1005301
Bill Hands,1005303
Larry Haney,1005306
Todd Haney,1005307
Preston Hanna,1005318
Bob Hansen,1005324
Jed Hansen,1005327
Ron Hansen,1005329
Jason Hardtke,1005347
Shawn Hare,1005355
Mike Hargrove,1005361
Mike Harkey,1005363
Larry Harlow,1005369
Terry Harmon,1005373
Pete Harnisch,1005374
Brian Harper,1005376
Terry Harper,1005382
Tommy Harper,1005383
Toby Harrah,1005384
Bud Harrelson,1005387
Ken Harrelson,1005389
Chuck Harrison,1005407
Donald Harris,1005410
Greg Harris,1005416
John Harris,1005422
Roric Harrison,1005430
Vic Harris,1005434
Jim Ray Hart,1005448
Mike Hart,1005456
Ron Hassey,1005479
Billy Hatcher,1005486
Mickey Hatcher,1005488
Andy Hawkins,1005514
Charlie Hayes,1005525
Von Hayes,1005531
Fran Healy,1005546
Ed Hearn,1005554
Mike Heath,1005564
Neal Heaton,1005568
Richie Hebner,1005571
Mike Hedlund,1005575
Danny Heep,1005576
Mike Hegan,1005583
Jack Heidemann,1005586
Tom Heintzelman,1005597
Bob Heise,1005599
Eric Helfand,1005610
Tommy Helms,1005616
Scott Hemond,1005621
Dave Henderson,1005630
Ken Henderson,1005634
Steve Henderson,1005636
Ellie Hendricks,1005641
George Hendrick,1005642
Dave Hengel,1005646
Bob Henley,1005650
Butch Henry,1005667
Gil Heredia,1005686
Remy Hermoso,1005694
Carlos Hernandez,1005696
Enzo Hernandez,1005700
Jackie Hernandez,1005703
Keith Hernandez,1005706
Leo Hernandez,1005707
Larry Herndon,1005717
Jose Herrera,1005722
Ed Herrmann,1005732
Tom Herr,1005737
Mike Hershberger,1005740
Orel Hershiser,1005741
Joe Hesketh,1005747
Jack Hiatt,1005762
Phil Hiatt,1005763
Jim Hickman,1005777
Kevin Higgins,1005791
Donnie Hill,1005811
Glenallen Hill,1005820
Ken Hill,1005827
Marc Hill,1005828
Dave Hilton,1005836
Chuck Hinton,1005852
Tommy Hinzo,1005855
Gene Hiser,1005857
Larry Hisle,1005858
Butch Hobson,1005872
Ron Hodges,1005886
Glenn Hoffman,1005905
Chris Hoiles,1005935
Ray Holbert,1005937
Chris Holt,1005983
Jim Holt,1005985
Ken Holtzman,1005989
Rick Honeycutt,1005992
Burt Hooton,1006005
Gail Hopkins,1006015
Joe Horlen,1006025
Bob Horner,1006026
Sam Horn,1006029
Ricky Horton,1006036
Tony Horton,1006037
Willie Horton,1006038
Dwayne Hosey,1006039
Tim Hosley,1006042
Dave Hostetler,1006044
Charlie Hough,1006050
Paul Householder,1006063
Steve Hovley,1006068
David Howard,1006075
Doug Howard,1006077
Frank Howard,1006080
Jim Howarth,1006083
Larry Howard,1006084
Thomas Howard,1006090
Wilbur Howard,1006091
Art Howe,1006092
Jack Howell,1006099
Ken Howell,1006100
Roy Howell,1006104
Dann Howitt,1006108
La Marr Hoyt,1006114
Kent Hrbek,1006117
Glenn Hubbard,1006120
Mike Hubbard,1006121
Rex Hudler,1006131
Charles Hudson,1006134
Mike Huff,1006145
Bobby Hughes,1006151
Keith Hughes,1006159
Tim Hulett,1006174
David Hulse,1006176
Tom Hume,1006179
Mike Humphreys,1006187
Terry Humphrey,1006188
Randy Hundley,1006189
Brian Hunter,1006197
Catfish Hunter,1006199
Ron Hunt,1006212
Steve Huntz,1006213
Clint Hurdle,1006216
Bruce Hurst,1006222
Butch Huskey,1006228
Jeff Huson,1006229
Jim Hutto,1006244
Tom Hutton,1006246
Tim Hyers,1006249
Pete Incaviglia,1006257
Garey Ingram,1006262
Dane Iorg,1006267
Garth Iorg,1006268
Mike Ivie,1006284
Bo Jackson,1006290
Chuck Jackson,1006293
Danny Jackson,1006295
Darrin Jackson,1006296
Grant Jackson,1006298
Reggie Jackson,1006308
Ron Jackson,1006310
Sonny Jackson,1006313
Brook Jacoby,1006318
John Jaha,1006336
Chris James,1006347
Cleo James,1006348
Dion James,1006349
Pat Jarvis,1006363
Julian Javier,1006371
Stan Javier,1006372
Gregg Jefferies,1006379
Reggie Jefferson,1006381
Stan Jefferson,1006382
Steve Jeltz,1006387
Fergie Jenkins,1006388
Doug Jennings,1006395
Robin Jennings,1006397
Garry Jestadt,1006403
Johnny Jeter,1006405
Houston Jimenez,1006411
Alex Johnson,1006418
Bob Johnson,1006430
Bob Johnson,1006431
Brian Johnson,1006432
Cliff Johnson,1006437
Davey Johnson,1006440
Deron Johnson,1006444
Frank Johnson,1006459
Greg Johnston,1006460
Howard Johnson,1006462
Jay Johnstone,1006463
Lamar Johnson,1006481
Lance Johnson,1006482
Randy Johnson,1006494
Randy Johnson,1006495
Tim Johnson,1006506
Tony Johnson,1006509
Wallace Johnson,1006513
Tommy John,1006515
Bob Jones,1006531
Chris Jones,1006539
Cleon Jones,1006540
Dalton Jones,1006546
Jimmy Jones,1006569
Lynn Jones,1006573
Mack Jones,1006574
Randy Jones,1006582
Ross Jones,1006586
Ron Jones,1006587
Ruppert Jones,1006588
Terry Jones,1006596
Tim Jones,1006598
Tracy Jones,1006600
Kevin Jordan,1006610
Ricky Jordan,1006615
Mike Jorgensen,1006622
Terry Jorgensen,1006626
Duane Josephson,1006627
Rick Joseph,1006628
Von Joshua,1006629
Wally Joyner,1006637
Jeff Juden,1006643
Ed Jurak,1006651
Skip Jutze,1006657
Jim Kaat,1006660
Al Kaline,1006678
Ron Karkovice,1006700
Scott Karl,1006703
Bob Kearney,1006728
Mike Kekich,1006764
Mick Kelleher,1006779
Mike Kelly,1006809
Pat Kelly,1006810
Pat Kelly,1006812
Roberto Kelly,1006815
Tom Kelly,1006817
Van Kelly,1006818
Steve Kemp,1006827
Fred Kendall,1006828
Jerry Kenney,1006840
John Kennedy,1006844
Junior Kennedy,1006845
Terry Kennedy,1006850
Joe Keough,1006856
Kurt Kepshire,1006859
Don Kessinger,1006877
Sam Khalifa,1006887
Steve Kiefer,1006893
Harmon Killebrew,1006905
Bruce Kimm,1006918
Mike Kingery,1006928
Hal King,1006930
Jeff King,1006931
Dave Kingman,1006939
Bob Kipper,1006956
Clay Kirby,1006960
Wayne Kirby,1006964
Ed Kirkpatrick,1006969
Bruce Kison,1006978
Ron Kittle,1006982
Steve Kline,1007005
Mickey Klutts,1007022
Joe Kmak,1007023
Bob Knepper,1007031
Alan Knicely,1007035
Ray Knight,1007043
Bobby Knoop,1007049
Randy Knorr,1007050
John Knox,1007063
Brad Komminsk,1007092
Jerry Koosman,1007103
Andy Kosco,1007115
Kevin Koslofski,1007119
Ed Kranepool,1007140
Lew Krausse,1007146
Wayne Krenchicki,1007158
John Kruk,1007184
Mike Krukow,1007185
Ted Kubiak,1007190
Duane Kuiper,1007207
Jeff Kunkel,1007211
Rusty Kuntz,1007212
Craig Kusick,1007219
Art Kusnyer,1007220
Randy Kutcher,1007222
Coco Laboy,1007231
Pete LaCock,1007238
Mike LaCoss,1007240
Lee Lacy,1007243
Mike Laga,1007253
Joe Lahoud,1007256
Steve Lake,1007264
Gene Lamont,1007281
Dennis Lamp,1007284
Les Lancaster,1007287
Rafael Landestoy,1007292
Ced Landrum,1007298
Ken Landreaux,1007303
Tito Landrum,1007305
Marvin Lane,1007310
Mark Langston,1007323
Hal Lanier,1007324
Carney Lansford,1007331
Mike Lansing,1007334
Dave LaPoint,1007338
Gene Larkin,1007347
Dan Larson,1007361
Tony LaRussa,1007362
Bill Laskey,1007367
Tim Laudner,1007381
Mike LaValliere,1007387
Gary Lavelle,1007389
Tom Lawless,1007394
Rudy Law,1007402
Vance Law,1007409
Charlie Lea,1007423
Rick Leach,1007426
Tim Leary,1007438
Aaron Ledesma,1007444
Bill Lee,1007448
Leron Lee,1007458
Manuel Lee,1007460
Jim Lefebvre,1007473
Joe Lefebvre,1007474
Craig Lefferts,1007476
Ron LeFlore,1007478
Charlie Leibrandt,1007492
Mark Leiter,1007501
Scott Leius,1007505
Johnnie LeMaster,1007513
Mark Lemke,1007516
Chet Lemon,1007518
Mark Lemongello,1007521
Patrick Lennon,1007527
Jim Lentine,1007528
Jeffrey Leonard,1007535
Mark Leonard,1007537
Eddie Leon,1007539
Randy Lerch,1007551
Barry Lersch,1007555
Jesse Levis,1007569
Mark Lewis,1007585
Jim Leyritz,1007590
Carlos Lezcano,1007592
Sixto Lezcano,1007593
Derek Lilliquist,1007607
Rufino Linares,1007610
Jim Lindeman,1007618
Jose Lind,1007623
Larry Lintz,1007641
Nelson Liriano,1007650
Joe Lis,1007653
Pat Listach,1007655
Bryan Little,1007658
Dennis Littlejohn,1007660
Greg Litton,1007668
Scott Livingstone,1007677
Winston Llenas,1007679
Gene Locklear,1007692
Skip Lockwood,1007696
Mickey Lolich,1007712
Ron Lolich,1007713
Tim Lollar,1007715
Doug Loman,1007716
Phil Lombardi,1007720
Steve Lombardozzi,1007721
Jim Lonborg,1007724
Tony Longmire,1007737
Davey Lopes,1007750
Carlos Lopez,1007754
Joe Lovitto,1007781
Torey Lovullo,1007783
John Lowenstein,1007790
Terrell Lowery,1007791
Dwight Lowry,1007795
Willie Lozado,1007799
Steve Lubratich,1007800
Matt Luke,1007826
Mike Lum,1007831
Scott Lusader,1007844
Greg Luzinski,1007855
Scott Lydy,1007857
Ed Lynch,1007862
Fred Lynn,1007872
Barry Lyons,1007877
Bill Lyons,1007878
Steve Lyons,1007886
Jim Lyttle,1007893
Kevin Maas,1007895
Mike Macfarlane,1007905
Ken Macha,1007908
Pete Mackanin,1007912
Shane Mack,1007928
Elliott Maddox,1007947
Garry Maddox,1007948
Mike Maddux,1007951
Scotti Madison,1007955
Bill Madlock,1007957
Dave Magadan,1007961
Joe Magrane,1007973
Mickey Mahler,1007987
Rick Mahler,1007988
Jose Malave,1008012
Candy Maldonado,1008015
Jim Maler,1008017
Sheldon Mallory,1008032
Angel Mangual,1008055
Pepe Mangual,1008058
Phil Mankowski,1008060
Rick Manning,1008068
Fred Manrique,1008076
Jeff Manto,1008083
Charlie Manuel,1008085
Jerry Manuel,1008086
Kirt Manwaring,1008091
Juan Marichal,1008106
Gonzalo Marquez,1008119
Oreste Marrero,1008127
Dave Marshall,1008136
Mike Marshall,1008144
Mike Marshall,1008145
Tom Marsh,1008147
Buck Martinez,1008156
Carmelo Martinez,1008157
Carlos Martinez,1008158
Chito Martinez,1008159
Dave Martinez,1008160
Dennis Martinez,1008161
Felix Martinez,1008164
J.C. Martin,1008173
Jerry Martin,1008174
Marty Martinez,1008181
Manny Martinez,1008182
Norberto Martin,1008185
Ramon Martinez,1008193
Silvio Martinez,1008196
Ted Martinez,1008199
John Marzano,1008208
Clyde Mashore,1008210
Damon Mashore,1008211
Don Mason,1008217
Jim Mason,1008220
Dan Masteller,1008227
Tom Matchick,1008233
Greg Mathews,1008237
John Matias,1008245
Jon Matlack,1008246
Gary Matthews,1008255
Don Mattingly,1008261
Rick Matula,1008268
Len Matuszek,1008269
Dal Maxvill,1008285
Jason Maxwell,1008288
John Mayberry,1008289
Carlos May,1008291
Dave May,1008292
Derrick May,1008293
Lee Maye,1008294
Jerry May,1008302
Lee May,1008303
Milt May,1008304
Rudy May,1008310
Willie Mays,1008315
Bill Mazeroski,1008316
Lee Mazzilli,1008318
Ernie McAnally,1008325
Jim McAndrew,1008328
Dick McAuliffe,1008331
Bake McBride,1008340
Tim McCarver,1008378
Lloyd McClendon,1008394
Willie McCovey,1008423
Tommy McCraw,1008428
Jason McDonald,1008460
Oddibe McDowell,1008474
Sam McDowell,1008476
Andy McGaffigan,1008497
Willie McGee,1008513
Jim McGlothlin,1008532
Lynn McGlothen,1008534
Tug McGraw,1008545
Terry McGriff,1008549
Mark McGwire,1008559
Tim McIntosh,1008574
Dave McKay,1008579
Rich McKinney,1008599
Jeff McKnight,1008600
Denny McLain,1008603
Ken McMullen,1008650
Craig McMurtry,1008651
Dave McNally,1008655
Jerry McNertney,1008669
Brian McRae,1008686
Hal McRae,1008687
Kevin McReynolds,1008690
Larry McWilliams,1008700
Bob Meacham,1008701
Louie Meadows,1008706
Pat Meares,1008712
Luis Medina,1008715
Dave Meier,1008729
Roberto Mejia,1008741
Sam Mejias,1008742
Luis Melendez,1008746
Bill Melton,1008754
Bob Melvin,1008758
Mario Mendoza,1008760
Denis Menke,1008766
Rudy Meoli,1008771
Orlando Mercado,1008772
Henry Mercedes,1008773
Luis Mercedes,1008776
Jim Merritt,1008789
Matt Merullo,1008797
Andy Messersmith,1008799
Roger Metzger,1008812
Hensley Meulens,1008816
Dan Meyer,1008824
Joey Meyer,1008829
Gene Michael,1008837
Matt Mieske,1008849
Larry Milbourne,1008858
Mike Miley,1008864
Felix Millan,1008867
Bruce Miller,1008878
Darrell Miller,1008883
Eddie Miller,1008893
Joe Millette,1008909
Keith Miller,1008910
Norm Miller,1008916
Orlando Miller,1008917
Rick Miller,1008928
Randy Milligan,1008946
Ralph Milliard,1008947
Brad Mills,1008952
Eddie Milner,1008964
John Milner,1008965
Don Mincher,1008973
Ryan Minor,1008983
Greg Minton,1008986
Bobby Mitchell,1008995
Bobby Mitchell,1008996
Kevin Mitchell,1009004
Keith Mitchell,1009005
George Mitterwald,1009012
John Mizerock,1009016
Dave Moates,1009019
Bob Molinaro,1009039
Paul Molitor,1009040
Shane Monahan,1009047
Rick Monday,1009051
Don Money,1009052
Willie Montanez,1009062
John Montefusco,1009065
Bob Montgomery,1009070
Dan Monzon,1009078
Balor Moore,1009090
Charlie Moore,1009099
Junior Moore,1009118
Kelvin Moore,1009119
Bob Moose,1009134
Andres Mora,1009136
Jerry Morales,1009138
Jose Morales,1009139
Rich Morales,1009140
Mickey Morandini,1009151
Keith Moreland,1009161
Jose Moreno,1009164
Omar Moreno,1009167
Joe Morgan,1009179
Russ Morman,1009194
Hal Morris,1009209
Jim Morrison,1009212
John Morris,1009220
Carl Morton,1009230
Lloyd Moseby,1009238
Jerry Moses,1009242
John Moses,1009243
Paul Moskau,1009245
Manny Mota,1009259
Darryl Motley,1009260
Curt Motton,1009262
James Mouton,1009268
Lyle Mouton,1009269
Fran Mullins,1009301
Rance Mulliniks,1009309
Jerry Mumphrey,1009314
Pedro Munoz,1009331
Thurman Munson,1009334
Steve Mura,1009337
Bobby Murcer,1009338
Dale Murphy,1009355
Dwayne Murphy,1009359
Tom Murphy,1009376
Eddie Murray,1009386
Glenn Murray,1009388
Larry Murray,1009392
Rich Murray,1009398
Ivan Murrell,1009401
Tony Muser,1009403
Rod Myers,1009429
Chris Nabholz,1009431
Tim Naehring,1009433
Bill Nahorodny,1009442
Jerry Narron,1009453
Jim Nash,1009458
Bob Natal,1009461
Jaime Navarro,1009465
Troy Neel,1009480
Dave Nelson,1009499
Jamie Nelson,1009502
Ricky Nelson,1009509
Roger Nelson,1009511
Rob Nelson,1009512
Graig Nettles,1009517
Jim Nettles,1009518
Morris Nettles,1009519
Marc Newfield,1009533
Al Newman,1009539
Jeff Newman,1009543
Warren Newson,1009549
Carl Nichols,1009555
Kevin Nicholson,1009563
Reid Nichols,1009567
Steve Nicosia,1009575
Joe Niekro,1009582
Phil Niekro,1009583
Tom Nieto,1009593
Melvin Nieves,1009595
Dave Nilsson,1009601
Donell Nixon,1009607
Otis Nixon,1009608
Junior Noboa,1009612
Paul Noce,1009613
Matt Nokes,1009615
Gary Nolan,1009616
Joe Nolan,1009617
Dickie Noles,1009620
Tim Nordbrook,1009625
Wayne Nordhagen,1009626
Dan Norman,1009631
Fred Norman,1009632
Les Norman,1009633
Nelson Norman,1009634
Jim Norris,1009635
Billy North,1009638
Jim Northrup,1009641
Willie Norwood,1009648
Jon Nunnally,1009660
Chris Nyman,1009669
Nyls Nyman,1009671
Johnny Oates,1009674
Sherman Obando,1009675
Ken Oberkfell,1009677
Mike O'Berry,1009680
Charlie O'Brien,1009685
Pete O'Brien,1009700
Syd O'Brien,1009702
Blue Moon Odom,1009726
Ron Oester,1009739
Rowland Office,1009741
Ben Oglivie,1009746
Bob Ojeda,1009756
Jose Oliva,1009770
Omar Olivares,1009771
Tony Oliva,1009772
Al Oliver,1009773
Bob Oliver,1009774
Joe Oliver,1009778
Greg Olson,1009792
Tom O'Malley,1009798
Paul O'Neill,1009818
Steve Ontiveros,1009825
Jose Oquendo,1009827
Joe Orsulak,1009852
Jorge Orta,1009853
Javier Ortiz,1009859
Jose Ortiz,1009860
Junior Ortiz,1009861
Luis Ortiz,1009862
John Orton,1009864
Claude Osteen,1009878
Willis Otanez,1009889
Ricky Otero,1009891
Amos Otis,1009893
Ed Ott,1009900
Bob Owchinko,1009914
Dave Owen,1009915
Larry Owen,1009917
Jayhawk Owens,1009922
Spike Owen,1009924
Jim Paciorek,1009936
Tom Paciorek,1009938
Dennis Paepke,1009947
Jose Pagan,1009950
Mitchell Page,1009954
Mike Pagliarulo,1009959
Tom Pagnozzi,1009960
Rey Palacios,1009964
Vicente Palacios,1009965
David Palmer,1009970
Jim Palmer,1009973
Jim Pankovits,1009979
Stan Papi,1009986
Erik Pappas,1009987
Milt Pappas,1009989
Al Pardo,1009990
Johnny Paredes,1009991
Mark Parent,1009993
Kelly Paris,1009994
Billy Parker,1009997
Dave Parker,1010000
Rick Parker,1010006
Wes Parker,1010009
Derek Parks,1010014
Larry Parrish,1010020
Lance Parrish,1010021
Bill Parsons,1010026
Kevin Pasley,1010043
Dan Pasqua,1010044
Frank Pastore,1010048
Freddie Patek,1010052
John Patterson,1010066
Marty Pattin,1010074
Mike Paul,1010082
Don Pavletich,1010086
Bill Pecota,1010117
Al Pedrique,1010121
Steve Pegues,1010130
Dan Peltier,1010135
Rudy Pemberton,1010139
Alejandro Pena,1010140
Angel Pena,1010141
Bert Pena,1010142
Geronimo Pena,1010144
Roberto Pena,1010152
Tony Pena,1010153
Terry Pendleton,1010157
Joe Pepitone,1010167
Jack Perconte,1010177
Carlos Perez,1010179
Marty Perez,1010182
Pascual Perez,1010185
Robert Perez,1010186
Santiago Perez,1010187
Tony Perez,1010188
Tony Perezchica,1010189
Broderick Perkins,1010190
Gaylord Perry,1010210
Gerald Perry,1010211
Jim Perry,1010213
Chris Peters,1010225
Fritz Peterson,1010227
Gary Peters,1010228
Rick Peters,1010237
Mark Petkovsek,1010242
Geno Petralli,1010244
Rico Petrocelli,1010245
Gary Pettis,1010249
Joe Pettini,1010251
Ken Phelps,1010277
Adolfo Phillips,1010280
J.R. Phillips,1010294
Mike Phillips,1010296
Tony Phillips,1010300
Tom Phoebus,1010301
Rob Picciolo,1010307
Jack Pierce,1010329
Lou Piniella,1010356
Vada Pinson,1010360
Greg Pirkl,1010367
Chris Pittaro,1010374
Joe Pittman,1010377
Phil Plantier,1010388
Bill Plummer,1010399
Biff Pocoroba,1010403
Kevin Polcovich,1010417
Gus Polidor,1010420
Luis Polonia,1010427
Paul Popovich,1010440
Tom Poquette,1010443
Bo Porter,1010447
Darrell Porter,1010450
Mark Portugal,1010460
Scott Pose,1010464
Alonzo Powell,1010480
Boog Powell,1010482
Hosken Powell,1010486
Ted Power,1010504
Jim Presley,1010523
Jim Price,1010528
Joe Price,1010530
Chris Pritchett,1010541
Ron Pruitt,1010554
Greg Pryor,1010555
Kirby Puckett,1010557
Tim Pugh,1010560
Terry Puhl,1010562
Luis Pujols,1010564
Charlie Puleo,1010565
Harvey Pulliam,1010567
Pat Putnam,1010577
Frank Quilici,1010597
Luis Quinones,1010614
Rey Quinones,1010615
Carlos Quintana,1010616
Jamie Quirk,1010621
John Rabb,1010625
Dave Rader,1010636
Doug Rader,1010638
Tom Ragland,1010652
Chuck Rainey,1010654
Gary Rajsich,1010659
Alex Ramirez,1010668
Mario Ramirez,1010670
Milt Ramirez,1010671
Orlando Ramirez,1010672
Rafael Ramirez,1010673
Bobby Ramos,1010675
Domingo Ramos,1010677
Mike Ramsey,1010686
Mike Ramsey,1010687
Bob Randall,1010689
Len Randle,1010693
Willie Randolph,1010694
Pat Rapp,1010700
Dennis Rasmussen,1010703
Eric Rasmussen,1010704
Paul Ratliff,1010712
Doug Rau,1010717
Shane Rawley,1010719
Floyd Rayford,1010724
Johnny Ray,1010727
Randy Ready,1010738
Gary Redus,1010758
Darren Reed,1010762
Jeff Reed,1010770
Jody Reed,1010771
Ron Reed,1010773
Rich Reese,1010778
Rick Reichardt,1010791
Kevin Reimer,1010807
Ken Reitz,1010823
Jerry Remy,1010828
Rick Renick,1010832
Steve Renko,1010835
Rich Renteria,1010838
Roger Repoz,1010841
Merv Rettenmund,1010846
Rick Reuschel,1010852
Jerry Reuss,1010853
Dave Revering,1010855
Gilberto Reyes,1010858
Craig Reynolds,1010867
Don Reynolds,1010869
Harold Reynolds,1010870
Ken Reynolds,1010871
R.J. Reynolds,1010872
Ronn Reynolds,1010874
Tommie Reynolds,1010875
Karl Rhodes,1010886
Rick Rhoden,1010887
Jim Rice,1010897
Gene Richards,1010907
Jeff Richardson,1010911
J.R. Richard,1010913
Lee Richard,1010915
Mike Richardt,1010916
Ernest Riles,1010964
Billy Ripken,1010977
Cal Ripken,1010978
Allen Ripley,1010979
Kevin Ritz,1010998
Ben Rivera,1010999
Bombo Rivera,1011000
German Rivera,1011001
Luis Rivera,1011003
Mickey Rivers,1011005
Andre Robertson,1011021
Bip Roberts,1011023
Bob Robertson,1011024
Dave Roberts,1011031
Dave Roberts,1011032
Kevin Roberson,1011039
Leon Roberts,1011040
Billy Jo Robidoux,1011051
Bill Robinson,1011054
Brooks Robinson,1011055
Bruce Robinson,1011056
Craig Robinson,1011058
Don Robinson,1011061
Frank Robinson,1011066
Jeff Robinson,1011072
Ron Robinson,1011076
Rafael Robles,1011081
Pat Rockett,1011092
Aurelio Rodriguez,1011100
Carlos Rodriguez,1011101
Ellie Rodriguez,1011104
Liu Rodriguez,1011109
Gary Roenicke,1011120
Ron Roenicke,1011121
Steve Rogers,1011138
Mike Rogodzinski,1011142
Dave Rohde,1011144
Cookie Rojas,1011152
Ed Romero,1011171
Kevin Romine,1011173
Gene Roof,1011181
Phil Roof,1011182
Jim Rooker,1011183
Rolando Roomes,1011185
Jorge Roque,1011190
Jimmy Rosario,1011195
Johnny Roseboro,1011199
Bobby Rose,1011200
Dave Rosello,1011206
Pete Rose,1011217
Rico Rossy,1011236
Wade Rowdon,1011251
Rich Rowland,1011262
Stan Royer,1011266
Jerry Royster,1011270
Joe Rudi,1011283
Ken Rudolph,1011288
Bruce Ruffin,1011294
Vern Ruhle,1011297
Chico Ruiz,1011298
Paul Runge,1011302
Bill Russell,1011311
John Russell,1011317
Dick Ruthven,1011330
Mark Ryal,1011332
Mike Ryan,1011347
Nolan Ryan,1011348
Bret Saberhagen,1011355
Chris Sabo,1011357
Ray Sadecki,1011360
Mike Sadek,1011361
Lenn Sakata,1011375
Mark Salas,1011376
Angel Salazar,1011377
Luis Salazar,1011378
Chico Salmon,1011386
Bill Sample,1011396
Juan Samuel,1011400
Alejandro Sanchez,1011404
Celerino Sanchez,1011406
Orlando Sanchez,1011409
Ryne Sandberg,1011411
Deion Sanders,1011415
Reggie Sanders,1011419
Scott Sanderson,1011422
Scott Sanders,1011423
Charlie Sands,1011427
Manny Sanguillen,1011434
F.P. Santangelo,1011438
Rafael Santana,1011441
Nelson Santovenia,1011445
Ron Santo,1011447
Manny Sarmiento,1011450
Mackey Sasser,1011452
Tom Satriano,1011454
Ted Savage,1011470
Steve Sax,1011481
Pat Scanlon,1011494
Steve Scarsone,1011501
Paul Schaal,1011502
Jeff Schaefer,1011508
Gene Schall,1011516
Dan Schatzeder,1011527
Richie Scheinblum,1011541
Calvin Schiraldi,1011563
Mike Schmidt,1011586
Dave Schneck,1011593
Dick Schofield,1011601
Dick Schofield,1011602
Pete Schourek,1011608
Bill Schroeder,1011618
Ron Schueler,1011622
Rick Schu,1011650
Mike Scioscia,1011667
Daryl Sconiers,1011670
Donnie Scott,1011677
Gary Scott,1011680
George Scott,1011682
John Scott,1011686
Mike Scott,1011691
Rodney Scott,1011693
Tony Scott,1011695
Chuck Scrivener,1011697
Tom Seaver,1011708
Bob Sebra,1011709
Kevin Sefcik,1011722
Diego Segui,1011725
Kevin Seitzer,1011730
Paul Serna,1011753
Scott Servais,1011756
Rich Severson,1011762
Chris Sexton,1011771
Jimmy Sexton,1011773
Art Shamsky,1011786
Mike Shannon,1011797
Dick Sharon,1011806
Bill Sharp,1011807
Mike Sharperson,1011809
Jon Shave,1011815
Danny Sheaffer,1011829
Larry Sheets,1011852
John Shelby,1011853
Bob Sheldon,1011854
Scott Sheldon,1011856
Ron Shepherd,1011867
Pat Sheridan,1011872
Craig Shipley,1011906
Bob Shirley,1011911
Tom Shopay,1011925
Chris Short,1011931
Eric Show,1011937
Joe Siddall,1011947
Sonny Siebert,1011951
Dave Silvestri,1011972
Brian Simmons,1011979
Nelson Simmons,1011984
Ted Simmons,1011986
Mike Simms,1011987
Joe Simpson,1011996
Wayne Simpson,1011999
Duke Sims,1012000
Matt Sinatro,1012003
Bill Singer,1012007
Ken Singleton,1012011
Ted Sizemore,1012027
Dave Skaggs,1012029
Joel Skinner,1012039
Don Slaught,1012059
Ron Slocum,1012070
Roy Smalley,1012078
John Smiley,1012084
Bernie Smith,1012092
Billy Smith,1012097
Bryn Smith,1012104
Dwight Smith,1012125
Keith Smith,1012169
Lonnie Smith,1012176
Ozzie Smith,1012186
Pete Smith,1012191
Ray Smith,1012195
Reggie Smith,1012201
Tommy Smith,1012212
Willie Smith,1012216
Zane Smith,1012218
Chris Snopek,1012236
Cory Snyder,1012244
Russ Snyder,1012256
Eric Soderholm,1012260
Rick Sofield,1012264
Tony Solaita,1012265
Eddie Solomon,1012268
Bill Sorrell,1012280
Paul Sorrento,1012282
Elias Sosa,1012284
Mario Soto,1012289
Horace Speed,1012312
Tim Spehr,1012315
Chris Speier,1012316
Bob Spence,1012319
Jim Spencer,1012325
Rob Sperring,1012335
Bill Spiers,1012338
Ed Spiezio,1012340
Charlie Spikes,1012341
Dan Spillner,1012342
Harry Spilman,1012343
Paul Splittorff,1012346
Ed Sprague,1012356
George Spriggs,1012359
Mike Squires,1012371
Marv Staehle,1012374
Steve Staggs,1012380
Larry Stahl,1012383
Scott Stahoviak,1012384
Roy Staiger,1012385
Don Stanhouse,1012401
Pete Stanicek,1012402
Andy Stankiewicz,1012405
Fred Stanley,1012411
Mickey Stanley,1012415
Mike Stanley,1012416
Leroy Stanton,1012420
Dave Stapleton,1012423
Willie Stargell,1012426
Dave Staton,1012437
Rusty Staub,1012440
John Stearns,1012446
Jim Steels,1012453
John Stefero,1012459
Dave Stegman,1012460
Bill Stein,1012463
Terry Steinbach,1012473
Rick Stelmaszek,1012477
Mike Stenhouse,1012483
Rennie Stennett,1012484
John Stephenson,1012497
Phil Stephenson,1012498
Jimmy Stewart,1012522
Kurt Stillwell,1012536
Royle Stillman,1012538
Bob Stinson,1012544
Kevin Stocker,1012549
Bill Stoneman,1012560
George Stone,1012565
Jeff Stone,1012567
Ron Stone,1012572
Steve Stone,1012573
Mel Stottlemyre,1012579
Joe Strain,1012592
Doug Strange,1012596
Darryl Strawberry,1012606
Brent Strom,1012627
Ed Stroud,1012631
Franklin Stubbs,1012643
John Stuper,1012652
Ken Suarez,1012662
Bill Sudakis,1012668
Guy Sularz,1012677
Marc Sullivan,1012706
Champ Summers,1012718
Jim Sundberg,1012724
Rick Sutcliffe,1012734
Gary Sutherland,1012739
Leo Sutherland,1012740
Bruce Sutter,1012743
Don Sutton,1012745
Dale Sveum,1012748
Craig Swan,1012754
Stan Swanson,1012763
Rick Sweet,1012782
Bill Swift,1012788
Steve Swisher,1012795
Ron Swoboda,1012796
Jerry Tabb,1012803
Pat Tabler,1012806
Jeff Tackett,1012809
John Tamargo,1012816
Kevin Tapani,1012824
Danny Tartabull,1012829
Jarvis Tatum,1012841
Jim Tatum,1012842
Eddie Taubensee,1012845
Jesus Tavarez,1012849
Frank Taveras,1012852
Bob Taylor,1012860
Carl Taylor,1012862
Tony Taylor,1012892
Kent Tekulve,1012905
Garry Templeton,1012909
Gene Tenace,1012911
Frank Tepedino,1012917
Jerry Terrell,1012922
Walt Terrell,1012924
Scott Terry,1012930
Mickey Tettleton,1012939
Tim Teufel,1012940
Bob Tewksbury,1012941
Ron Theobald,1012949
George Theodore,1012950
Andres Thomas,1012962
Dan Thomas,1012970
Derrel Thomas,1012971
Gary Thomasson,1012977
George Thomas,1012978
Gorman Thomas,1012979
Bobby Thompson,1013002
Danny Thompson,1013003
Jason Thompson,1013014
Mark Thompson,1013019
Milt Thompson,1013021
Robby Thompson,1013023
Scot Thompson,1013025
Dickie Thon,1013033
Andre Thornton,1013037
Gary Thurman,1013051
Mark Thurmond,1013052
Luis Tiant,1013054
Jay Tibbs,1013055
Dick Tidrow,1013056
Bob Tillman,1013066
Ozzie Timmons,1013072
Ron Tingley,1013074
Lee Tinsley,1013077
Bobby Tolan,1013100
Wayne Tolleson,1013103
Tim Tolman,1013104
Andy Tomberlin,1013108
Randy Tomlin,1013111
Jeff Torborg,1013123
Hector Torres,1013132
Joe Torre,1013133
Mike Torrez,1013134
Rusty Torres,1013137
Cesar Tovar,1013142
Jim Traber,1013150
Jim Tracy,1013152
Alan Trammell,1013157
Jeff Treadway,1013169
Alex Trevino,1013180
Manny Trillo,1013184
Steve Trout,1013197
Eddie Tucker,1013210
John Tudor,1013215
Lee Tunnell,1013218
Brian Turang,1013219
Chris Turner,1013226
Jerry Turner,1013228
Shane Turner,1013232
Wayne Twitchell,1013244
Jim Tyrone,1013256
Mike Tyson,1013258
Ted Uhlaender,1013264
Tom Underwood,1013281
Tim Unroe,1013284
Del Unser,1013286
Willie Upshaw,1013293
Jose Uribe,1013300
Mike Vail,1013309
Mario Valdez,1013314
Bobby Valentine,1013324
Ellis Valentine,1013326
Fernando Valenzuela,1013327
Dave Valle,1013333
Dave Van Gorder,1013356
William Van Landingham,1013358
Andy Van Slyke,1013363
Pete Varney,1013372
Gary Varsho,1013373
Jim Vatcher,1013376
Jesus Vega,1013393
Guillermo Velasquez,1013396
Otto Velez,1013399
Max Venable,1013401
Quilvio Veras,1013404
Wilton Veras,1013405
Zoilo Versalles,1013417
Tom Veryzer,1013418
Hector Villanueva,1013427
Frank Viola,1013435
Ozzie Virgil,1013439
Jack Voigt,1013446
Bill Voss,1013458
Pete Vuckovich,1013461
George Vukovich,1013462
John Vukovich,1013463
Mark Wagner,1013488
Paul Wagner,1013490
Jim Walewander,1013506
Bob Walk,1013507
Chico Walker,1013509
Duane Walker,1013513
Greg Walker,1013520
Luke Walker,1013525
Tony Walker,1013537
Tim Wallach,1013554
Ty Waller,1013557
Denny Walling,1013559
Joe Wallis,1013560
Dan Walters,1013585
Danny Walton,1013592
Jerome Walton,1013593
Reggie Walton,1013594
Chris Ward,1013605
Gary Ward,1013611
Kevin Ward,1013619
Turner Ward,1013625
Claudell Washington,1013654
Ron Washington,1013658
U L Washington,1013659
Mark Wasinger,1013660
John Wathan,1013666
Pat Watkins,1013672
Allen Watson,1013675
Bob Watson,1013677
Lenny Webster,1013718
Mitch Webster,1013719
Ray Webster,1013721
Eric Wedge,1013723
John Wehner,1013730
Al Weis,1013743
Walt Weiss,1013748
Bob Welch,1013750
Brad Wellman,1013765
Greg Wells,1013767
Chris Welsh,1013772
Don Werner,1013788
Don Wert,1013790
Dennis Werth,1013791
Larry Whisenton,1013842
Lou Whitaker,1013846
Devon White,1013862
Derrick White,1013863
Frank White,1013872
Jerry White,1013880
Mark Whiten,1013886
Roy White,1013890
Wally Whitehurst,1013896
Terry Whitfield,1013899
Dan Whitmer,1013902
Darrell Whitmore,1013903
Ed Whitson,1013911
Ernie Whitt,1013912
Alan Wiggins,1013931
Rob Wilfong,1013943
Jim Wilhelm,1013946
Curtis Wilkerson,1013951
Rick Wilkins,1013960
Jerry Willard,1013963
Bernie Williams,1013974
Billy Williams,1013975
Brian Williams,1013978
Charlie Williams,1013980
Earl Williams,1013995
Eddie Williams,1013996
George Williams,1013999
Kenny Williams,1014013
Reggie Williams,1014031
Reggie Williams,1014032
Walt Williams,1014044
Bump Wills,1014049
Maury Wills,1014053
Craig Wilson,1014068
Craig Wilson,1014069
Desi Wilson,1014070
Don Wilson,1014071
Glenn Wilson,1014081
Mookie Wilson,1014096
Trevor Wilson,1014109
Willie Wilson,1014113
Bobby Wine,1014124
Dave Winfield,1014127
Herm Winningham,1014139
Matt Winters,1014147
Rick Wise,1014155
John Wockenfuss,1014176
Jim Wohlford,1014179
Larry Wolfe,1014190
Mike Woodard,1014209
Al Woods,1014234
Dick Woodson,1014236
Gary Woods,1014237
Ron Woods,1014243
Tracy Woodson,1014244
Ted Wood,1014246
Wilbur Wood,1014248
Woody Woodward,1014250
Craig Worthington,1014261
Clyde Wright,1014272
George Wright,1014279
Rick Wrona,1014299
Butch Wynegar,1014308
Marvell Wynne,1014312
Jimmy Wynn,1014313
Carl Yastrzemski,1014326
Steve Yeager,1014332
Eric Yelding,1014335
Ned Yost,1014359
Floyd Youmans,1014361
Anthony Young,1014362
Gerald Young,1014376
Joel Youngblood,1014383
Mike Young,1014386
Robin Yount,1014396
Pat Zachry,1014407
Eduardo Zambrano,1014414
Joe Zdeb,1014425
Richie Zisk,1014455
Jon Zuber,1014461
Julio Zuleta,1014462
Bob Zupcic,1014463
Paul Zuvella,1014465
